Id;Id Orden;Referencia;Valor;Valor del envío;Estado;Moneda;Medio de pago;País;Valor local;Moneda local;Código de respuesta;Tipo de rechazo;Código autorización;Fecha de creación;Id Comercio;Id Cuenta;Modelo Pagos;Número de tarjeta;Número de cuotas;Device session id;Hash;Tipo de transacción;Modelo de acreditación;Días para Depósito;Tasa de interés comercio;Valor interés comercio;Valor de Cuota;Cuota Abonada;Origen de la transacción;
"eec1101b-6647-4ff1-8a5f-04355f6edb83";"93764870";"CONF116589";"15.99";"";"PENDING";"USD";"BCP";"PE";"50.84";"PEN";"PENDING_TRANSACTION_CONFIRMATION";"NONE";"";"2015-07-01 11:38:23";"500968";"501790";"AGGREGATOR";"";"1";"";"e940aaaf04d92178da9ecff33ce7fd22";"AUTHORIZATION_AND_CAPTURE";"";"0";"";"";"";"";"POST_API_v4_0";
"56a0b531-949d-43a1-a331-be1858e88e1a";"93757275";"CONF116581";"15.99";"";"PENDING";"USD";"BCP";"PE";"50.84";"PEN";"PENDING_TRANSACTION_CONFIRMATION";"NONE";"";"2015-07-01 10:46:41";"500968";"501790";"AGGREGATOR";"";"1";"";"1cd5e6cb19c09ac15c9644031c94dad6";"AUTHORIZATION_AND_CAPTURE";"";"0";"";"";"";"";"POST_API_v4_0";
"69fb0233-f056-4e46-95fd-720c293975ec";"93723515";"CONF116494";"9.99";"";"PENDING";"USD";"BCP";"PE";"31.76";"PEN";"PENDING_TRANSACTION_CONFIRMATION";"NONE";"";"2015-06-30 22:10:04";"500968";"501790";"AGGREGATOR";"";"1";"";"bebe6b9edca129bed0a2e12a46377c75";"AUTHORIZATION_AND_CAPTURE";"";"0";"";"";"";"";"POST_API_v4_0";
"56a31438-263d-4b07-bcdd-b032d99b4800";"93723165";"CONF113398";"9.99";"";"PENDING";"USD";"BCP";"PE";"31.76";"PEN";"PENDING_TRANSACTION_CONFIRMATION";"NONE";"";"2015-06-30 22:05:30";"500968";"501790";"AGGREGATOR";"";"1";"";"fb1ded489d313567f506d464cc9014ff";"AUTHORIZATION_AND_CAPTURE";"";"0";"";"";"";"";"POST_API_v4_0";
"8978b837-d793-44e0-83c6-f56b9faade75";"93722080";"CONF116485";"9.99";"";"PENDING";"USD";"BCP";"PE";"31.76";"PEN";"PENDING_TRANSACTION_CONFIRMATION";"NONE";"";"2015-06-30 21:54:12";"500968";"501790";"AGGREGATOR";"";"1";"";"8adc4b3f7f2e7c73718f25586e71f23d";"AUTHORIZATION_AND_CAPTURE";"";"0";"";"";"";"";"POST_API_v4_0";
"aed0984a-7f2e-4c16-a3e6-23d70e55acab";"93719510";"CONF116480";"9.99";"";"PENDING";"USD";"BCP";"PE";"31.76";"PEN";"PENDING_TRANSACTION_CONFIRMATION";"NONE";"";"2015-06-30 21:29:35";"500968";"501790";"AGGREGATOR";"";"1";"";"abc11b5c5e5612fc571015bd36df0fd5";"AUTHORIZATION_AND_CAPTURE";"";"0";"";"";"";"";"POST_API_v4_0";
"365b1537-7a75-4d05-be41-f7820ec56537";"93689945";"CONF116394";"9.99";"";"APPROVED";"USD";"BCP";"PE";"31.76";"PEN";"APPROVED";"NONE";"";"2015-06-30 17:19:08";"500968";"501790";"AGGREGATOR";"";"1";"";"c3499bd4d3d509cff3a13e43e595c95f";"AUTHORIZATION_AND_CAPTURE";"IMMEDIATE";"0";"0.0000";"0.00";"31.76";"1";"POST_API_v4_0";
"4c8bb67b-0780-46f0-8be7-8e1b69bf626e";"93685780";"CONF116385";"9.99";"";"PENDING";"USD";"BCP";"PE";"31.76";"PEN";"PENDING_TRANSACTION_CONFIRMATION";"NONE";"";"2015-06-30 16:55:22";"500968";"501790";"AGGREGATOR";"";"1";"";"4644de8675362354aa58fb4a8c8cb0c2";"AUTHORIZATION_AND_CAPTURE";"";"0";"";"";"";"";"POST_API_v4_0";
"084e8adb-23b4-489a-82ba-3ca991399470";"93681685";"CONF116378";"9.99";"";"PENDING";"USD";"BCP";"PE";"31.76";"PEN";"PENDING_TRANSACTION_CONFIRMATION";"NONE";"";"2015-06-30 16:27:26";"500968";"501790";"AGGREGATOR";"";"1";"";"b2c6e497d7d6259b1374851f9ae0bf85";"AUTHORIZATION_AND_CAPTURE";"";"0";"";"";"";"";"POST_API_v4_0";
"f9b17903-0f19-4d0b-a8bf-68789673cf89";"93681535";"CONF114412";"9.99";"";"PENDING";"USD";"BCP";"PE";"31.76";"PEN";"PENDING_TRANSACTION_CONFIRMATION";"NONE";"";"2015-06-30 16:26:22";"500968";"501790";"AGGREGATOR";"";"1";"";"99b35625b4bde1dcbbae43fd912c3857";"AUTHORIZATION_AND_CAPTURE";"";"0";"";"";"";"";"POST_API_v4_0";
"dc1dde15-b9e0-472d-9d75-1428761b6172";"93672035";"CONF116359";"9.99";"";"PENDING";"USD";"BCP";"PE";"31.76";"PEN";"PENDING_TRANSACTION_CONFIRMATION";"NONE";"";"2015-06-30 15:20:22";"500968";"501790";"AGGREGATOR";"";"1";"";"46a25f1b6db0200ecda2209120a1f52e";"AUTHORIZATION_AND_CAPTURE";"";"0";"";"";"";"";"POST_API_v4_0";
"b879a2f9-dfbb-40dd-86a2-520422d286ea";"93667330";"CONF114725";"9.99";"";"PENDING";"USD";"BCP";"PE";"31.76";"PEN";"PENDING_TRANSACTION_CONFIRMATION";"NONE";"";"2015-06-30 14:44:50";"500968";"501790";"AGGREGATOR";"";"1";"";"fcf98b2c3b2aaa8f2087a22d71cb548d";"AUTHORIZATION_AND_CAPTURE";"";"0";"";"";"";"";"POST_API_v4_0";
"d6db3b33-8f50-4050-b1b4-04c617b1ea2d";"93656270";"CONF113586";"9.99";"";"PENDING";"USD";"BCP";"PE";"31.76";"PEN";"PENDING_TRANSACTION_CONFIRMATION";"NONE";"";"2015-06-30 13:31:22";"500968";"501790";"AGGREGATOR";"";"1";"";"18c7c17b7db329fca2898e2db8d7024d";"AUTHORIZATION_AND_CAPTURE";"";"0";"";"";"";"";"POST_API_v4_0";
"f5c83c5b-e1d7-4f65-881b-d6e7cc26cd99";"93649575";"CONF114766";"9.99";"";"PENDING";"USD";"BCP";"PE";"31.69";"PEN";"PENDING_TRANSACTION_CONFIRMATION";"NONE";"";"2015-06-30 12:44:14";"500968";"501790";"AGGREGATOR";"";"1";"";"2d3fc9a9cf5d2c5c3ea7a00de0be7af5";"AUTHORIZATION_AND_CAPTURE";"";"0";"";"";"";"";"POST_API_v4_0";
"5f89e98f-c858-4c84-a3a8-33d1bf7668c8";"93632690";"CONF116240";"9.99";"";"PENDING";"USD";"BCP";"PE";"31.69";"PEN";"PENDING_TRANSACTION_CONFIRMATION";"NONE";"";"2015-06-30 10:29:04";"500968";"501790";"AGGREGATOR";"";"1";"";"95994c0471cff482dd7966c84b94e03f";"AUTHORIZATION_AND_CAPTURE";"";"0";"";"";"";"";"POST_API_v4_0";
"eac28383-cab7-4ed9-8bd6-94d00f5e4ef5";"93616810";"CONF114971";"9.99";"";"PENDING";"USD";"BCP";"PE";"31.69";"PEN";"PENDING_TRANSACTION_CONFIRMATION";"NONE";"";"2015-06-30 08:04:30";"500968";"501790";"AGGREGATOR";"";"1";"";"4f8c934bc1d06fd795238927a8c13c19";"AUTHORIZATION_AND_CAPTURE";"";"0";"";"";"";"";"POST_API_v4_0";
"9bc15a0a-682d-4e53-860c-e50567854330";"93611575";"CONF116126";"9.99";"";"PENDING";"USD";"BCP";"PE";"31.69";"PEN";"PENDING_TRANSACTION_CONFIRMATION";"NONE";"";"2015-06-30 01:38:16";"500968";"501790";"AGGREGATOR";"";"1";"";"6eb7a5d585abef32cf81f531aeda5b55";"AUTHORIZATION_AND_CAPTURE";"";"0";"";"";"";"";"POST_API_v4_0";
"de2c8452-e759-4462-8131-6f8385de8b8a";"93610095";"CONF64886";"9.99";"";"APPROVED";"USD";"BCP";"PE";"31.69";"PEN";"APPROVED";"NONE";"";"2015-06-30 00:10:56";"500968";"501790";"AGGREGATOR";"";"1";"";"27c4afbd978ff587fee024276cb6d8b0";"AUTHORIZATION_AND_CAPTURE";"IMMEDIATE";"0";"0.0000";"0.00";"31.69";"1";"POST_API_v4_0";
"d995c976-3f2a-41d5-9510-9642ad35ede4";"93609770";"CONF116104";"9.99";"";"PENDING";"USD";"BCP";"PE";"31.69";"PEN";"PENDING_TRANSACTION_CONFIRMATION";"NONE";"";"2015-06-29 23:59:24";"500968";"501790";"AGGREGATOR";"";"1";"";"ab7753e4a2f273dfb187f1f8437d7aa7";"AUTHORIZATION_AND_CAPTURE";"";"0";"";"";"";"";"POST_API_v4_0";
"52e0c125-7644-4da2-886e-4a567797afb9";"93600180";"CONF116039";"9.99";"";"PENDING";"USD";"BCP";"PE";"31.69";"PEN";"PENDING_TRANSACTION_CONFIRMATION";"NONE";"";"2015-06-29 20:51:42";"500968";"501790";"AGGREGATOR";"";"1";"";"8defc00717d247d32ba0443c24a7445b";"AUTHORIZATION_AND_CAPTURE";"";"0";"";"";"";"";"POST_API_v4_0";
"11f10cd3-edbc-42c3-9c66-580f1f93225f";"93598960";"CONF116034";"9.99";"";"PENDING";"USD";"BCP";"PE";"31.69";"PEN";"PENDING_TRANSACTION_CONFIRMATION";"NONE";"";"2015-06-29 20:34:54";"500968";"501790";"AGGREGATOR";"";"1";"";"9b63bb4f79ea3d10134cf2abb5c4cf38";"AUTHORIZATION_AND_CAPTURE";"";"0";"";"";"";"";"POST_API_v4_0";
"aec2b68e-2aff-4c8a-8fb5-5bb25206f84e";"93593770";"CONF115994";"15.99";"";"PENDING";"USD";"BCP";"PE";"50.73";"PEN";"PENDING_TRANSACTION_CONFIRMATION";"NONE";"";"2015-06-29 19:13:20";"500968";"501790";"AGGREGATOR";"";"1";"";"e035f7b2e37b04e5fbcbcc5a3bcad3d1";"AUTHORIZATION_AND_CAPTURE";"";"0";"";"";"";"";"POST_API_v4_0";
"38afe772-47d6-4de3-aaf9-e125c3876f58";"93588760";"CONF115968";"9.99";"";"PENDING";"USD";"BCP";"PE";"31.69";"PEN";"PENDING_TRANSACTION_CONFIRMATION";"NONE";"";"2015-06-29 18:00:44";"500968";"501790";"AGGREGATOR";"";"1";"";"f88183ea1a92da1604fb723d66784e52";"AUTHORIZATION_AND_CAPTURE";"";"0";"";"";"";"";"POST_API_v4_0";
"182b4683-500f-42f8-b58a-a97e594bdbde";"93585535";"CONF115946";"9.99";"";"PENDING";"USD";"BCP";"PE";"31.69";"PEN";"PENDING_TRANSACTION_CONFIRMATION";"NONE";"";"2015-06-29 17:11:56";"500968";"501790";"AGGREGATOR";"";"1";"";"93e89056a70137df6cd7de526c69cae6";"AUTHORIZATION_AND_CAPTURE";"";"0";"";"";"";"";"POST_API_v4_0";
"9ebc43de-74f7-4a9e-b63a-5f9ad67ec020";"93581145";"CONF115919";"9.99";"";"PENDING";"USD";"BCP";"PE";"31.69";"PEN";"PENDING_TRANSACTION_CONFIRMATION";"NONE";"";"2015-06-29 16:08:02";"500968";"501790";"AGGREGATOR";"";"1";"";"5f2a546d7e469080604c8d4255061b93";"AUTHORIZATION_AND_CAPTURE";"";"0";"";"";"";"";"POST_API_v4_0";
"0dce4a5c-2b4f-4ada-a1c3-481c625ce0e8";"93574655";"CONF92775";"9.99";"";"PENDING";"USD";"BCP";"PE";"31.69";"PEN";"PENDING_TRANSACTION_CONFIRMATION";"NONE";"";"2015-06-29 14:40:16";"500968";"501790";"AGGREGATOR";"";"1";"";"f291a901df1addeed263725d9620aecf";"AUTHORIZATION_AND_CAPTURE";"";"0";"";"";"";"";"POST_API_v4_0";
"8740df4a-dfaa-4b7d-9caa-fc4e8459df85";"93574570";"CONF92775";"9.99";"";"PENDING";"USD";"BCP";"PE";"31.69";"PEN";"PENDING_TRANSACTION_CONFIRMATION";"NONE";"";"2015-06-29 14:39:26";"500968";"501790";"AGGREGATOR";"";"1";"";"f291a901df1addeed263725d9620aecf";"AUTHORIZATION_AND_CAPTURE";"";"0";"";"";"";"";"POST_API_v4_0";
"c3d070a5-a81a-4d59-af54-8cc1f185532e";"93574535";"CONF114725";"9.99";"";"PENDING";"USD";"BCP";"PE";"31.69";"PEN";"PENDING_TRANSACTION_CONFIRMATION";"NONE";"";"2015-06-29 14:39:03";"500968";"501790";"AGGREGATOR";"";"1";"";"fcf98b2c3b2aaa8f2087a22d71cb548d";"AUTHORIZATION_AND_CAPTURE";"";"0";"";"";"";"";"POST_API_v4_0";
"0ed65798-d6bb-4e66-afb4-7b02e12598d2";"93561440";"CONF115816";"9.99";"";"PENDING";"USD";"BCP";"PE";"31.69";"PEN";"PENDING_TRANSACTION_CONFIRMATION";"NONE";"";"2015-06-29 12:09:33";"500968";"501790";"AGGREGATOR";"";"1";"";"b622b34110d09b0ed2ef86b29be9deb6";"AUTHORIZATION_AND_CAPTURE";"";"0";"";"";"";"";"POST_API_v4_0";
"83cec12c-d1aa-4a30-a465-4cd6dc0adf56";"93554975";"CONF115785";"9.99";"";"PENDING";"USD";"BCP";"PE";"31.69";"PEN";"PENDING_TRANSACTION_CONFIRMATION";"NONE";"";"2015-06-29 10:51:48";"500968";"501790";"AGGREGATOR";"";"1";"";"77546c37f5c0cf038521e88dd186ad05";"AUTHORIZATION_AND_CAPTURE";"";"0";"";"";"";"";"POST_API_v4_0";
"aa62842d-1473-4c95-80ea-05de0d0572bd";"93541605";"CONF115684";"9.99";"";"PENDING";"USD";"BCP";"PE";"31.69";"PEN";"PENDING_TRANSACTION_CONFIRMATION";"NONE";"";"2015-06-29 07:09:38";"500968";"501790";"AGGREGATOR";"";"1";"";"4ed139cacaf9976f2ffc7862bfa6e940";"AUTHORIZATION_AND_CAPTURE";"";"0";"";"";"";"";"POST_API_v4_0";
"2a43d130-6f8c-4f86-a02d-c9bb32954530";"93529985";"CONF112680";"9.99";"";"PENDING";"USD";"BCP";"PE";"31.69";"PEN";"PENDING_TRANSACTION_CONFIRMATION";"NONE";"";"2015-06-28 21:12:48";"500968";"501790";"AGGREGATOR";"";"1";"";"91663fac1d732ba46dba56c1e19ddcc7";"AUTHORIZATION_AND_CAPTURE";"";"0";"";"";"";"";"POST_API_v4_0";
"c26e9dbc-f164-4eb5-b639-fb655ccab5ef";"93503540";"CONF115378";"9.99";"";"PENDING";"USD";"BCP";"PE";"31.69";"PEN";"PENDING_TRANSACTION_CONFIRMATION";"NONE";"";"2015-06-28 16:02:59";"500968";"501790";"AGGREGATOR";"";"1";"";"90e8072525358ca47da5e9e92be02061";"AUTHORIZATION_AND_CAPTURE";"";"0";"";"";"";"";"POST_API_v4_0";
"ac86b617-6e37-4ce6-9736-59a9b23711da";"93491995";"CONF115298";"9.99";"";"APPROVED";"USD";"BCP";"PE";"31.69";"PEN";"APPROVED";"NONE";"";"2015-06-28 13:49:51";"500968";"501790";"AGGREGATOR";"";"1";"";"3904d8dbd42fbdebdb089cfc537c9ee1";"AUTHORIZATION_AND_CAPTURE";"IMMEDIATE";"0";"0.0000";"0.00";"31.69";"1";"POST_API_v4_0";
"8e7d333c-45bd-4e4d-aa9d-e43e22e68e6f";"93491270";"CONF115292";"9.99";"";"PENDING";"USD";"BCP";"PE";"31.69";"PEN";"PENDING_TRANSACTION_CONFIRMATION";"NONE";"";"2015-06-28 13:41:25";"500968";"501790";"AGGREGATOR";"";"1";"";"c769b31aa46a92d88f6828bb5f558c03";"AUTHORIZATION_AND_CAPTURE";"";"0";"";"";"";"";"POST_API_v4_0";
"2ebba14b-537d-41d5-b88d-95a4e2b051b2";"93485855";"CONF115229";"9.99";"";"PENDING";"USD";"BCP";"PE";"31.69";"PEN";"PENDING_TRANSACTION_CONFIRMATION";"NONE";"";"2015-06-28 12:20:10";"500968";"501790";"AGGREGATOR";"";"1";"";"6b2ac765ca1aedbfb0116bdc26686fc9";"AUTHORIZATION_AND_CAPTURE";"";"0";"";"";"";"";"POST_API_v4_0";
"0e2558fc-c59b-4ea2-a3f6-3322f77d0a88";"93482795";"CONF114512";"9.99";"";"PENDING";"USD";"BCP";"PE";"31.69";"PEN";"PENDING_TRANSACTION_CONFIRMATION";"NONE";"";"2015-06-28 11:35:09";"500968";"501790";"AGGREGATOR";"";"1";"";"d136f8476882e0bbd91c18a9e808c264";"AUTHORIZATION_AND_CAPTURE";"";"0";"";"";"";"";"POST_API_v4_0";
"c3dc86a4-10a8-410e-92c7-4f222b5ae326";"93471365";"CONF115007";"9.99";"";"PENDING";"USD";"BCP";"PE";"31.69";"PEN";"PENDING_TRANSACTION_CONFIRMATION";"NONE";"";"2015-06-28 07:58:52";"500968";"501790";"AGGREGATOR";"";"1";"";"c5295168d0cc427814067cc8a0a10e43";"AUTHORIZATION_AND_CAPTURE";"";"0";"";"";"";"";"POST_API_v4_0";
"85c59c32-cb7f-468c-9beb-6c062b759f99";"93470555";"CONF114979";"9.99";"";"PENDING";"USD";"BCP";"PE";"31.69";"PEN";"PENDING_TRANSACTION_CONFIRMATION";"NONE";"";"2015-06-28 07:11:15";"500968";"501790";"AGGREGATOR";"";"1";"";"e95f860459c773bebd1cef792fa8cdae";"AUTHORIZATION_AND_CAPTURE";"";"0";"";"";"";"";"POST_API_v4_0";
"19745308-f565-4b7a-9ea0-85b21ba7f11c";"93470440";"CONF114977";"9.99";"";"PENDING";"USD";"BCP";"PE";"31.69";"PEN";"PENDING_TRANSACTION_CONFIRMATION";"NONE";"";"2015-06-28 07:04:35";"500968";"501790";"AGGREGATOR";"";"1";"";"e5da0dec8734d4358f9884bc22491863";"AUTHORIZATION_AND_CAPTURE";"";"0";"";"";"";"";"POST_API_v4_0";
"a1d76195-31cd-427f-b254-2a4118742db6";"93470255";"CONF114971";"9.99";"";"PENDING";"USD";"BCP";"PE";"31.69";"PEN";"PENDING_TRANSACTION_CONFIRMATION";"NONE";"";"2015-06-28 06:49:05";"500968";"501790";"AGGREGATOR";"";"1";"";"4f8c934bc1d06fd795238927a8c13c19";"AUTHORIZATION_AND_CAPTURE";"";"0";"";"";"";"";"POST_API_v4_0";
"cf45c6bc-930f-4ab7-a8c3-a56f730a4c64";"93467955";"CONF114913";"9.99";"";"PENDING";"USD";"BCP";"PE";"31.69";"PEN";"PENDING_TRANSACTION_CONFIRMATION";"NONE";"";"2015-06-28 01:05:01";"500968";"501790";"AGGREGATOR";"";"1";"";"4b71b62e1abeea9c460be40f507f924b";"AUTHORIZATION_AND_CAPTURE";"";"0";"";"";"";"";"POST_API_v4_0";
"020360cc-493f-4bf7-be4f-26b8ce44d42c";"93438860";"CONF114693";"9.99";"";"PENDING";"USD";"BCP";"PE";"31.69";"PEN";"PENDING_TRANSACTION_CONFIRMATION";"NONE";"";"2015-06-27 17:22:06";"500968";"501790";"AGGREGATOR";"";"1";"";"0de38ee5a98ef991ebda72744757ca8b";"AUTHORIZATION_AND_CAPTURE";"";"0";"";"";"";"";"POST_API_v4_0";
"d86ae4a1-865f-4bf5-beec-041a0c25fcde";"93437865";"CONF114680";"9.99";"";"PENDING";"USD";"BCP";"PE";"31.69";"PEN";"PENDING_TRANSACTION_CONFIRMATION";"NONE";"";"2015-06-27 17:09:47";"500968";"501790";"AGGREGATOR";"";"1";"";"23f7372fd6a1624a6b7c563243e311bb";"AUTHORIZATION_AND_CAPTURE";"";"0";"";"";"";"";"POST_API_v4_0";
"355ae571-64e4-4d2f-be4b-7855ff9e0317";"93432230";"CONF114656";"9.99";"";"PENDING";"USD";"BCP";"PE";"31.69";"PEN";"PENDING_TRANSACTION_CONFIRMATION";"NONE";"";"2015-06-27 16:08:24";"500968";"501790";"AGGREGATOR";"";"1";"";"918ffe736da679d5c3d919437e29360f";"AUTHORIZATION_AND_CAPTURE";"";"0";"";"";"";"";"POST_API_v4_0";
"3c9a9d5a-4341-46e0-8f9b-2e5aa0e794b6";"93420655";"CONF114589";"9.99";"";"PENDING";"USD";"BCP";"PE";"31.69";"PEN";"PENDING_TRANSACTION_CONFIRMATION";"NONE";"";"2015-06-27 13:48:46";"500968";"501790";"AGGREGATOR";"";"1";"";"47c9ff666b38191ca41531c578172f8a";"AUTHORIZATION_AND_CAPTURE";"";"0";"";"";"";"";"POST_API_v4_0";
"969b1967-5a1c-4baf-90f9-acf82a9ea4ad";"93411695";"CONF114526";"9.99";"";"PENDING";"USD";"BCP";"PE";"31.69";"PEN";"PENDING_TRANSACTION_CONFIRMATION";"NONE";"";"2015-06-27 11:49:33";"500968";"501790";"AGGREGATOR";"";"1";"";"c6a58808e9ada5ed1702d81002565cc6";"AUTHORIZATION_AND_CAPTURE";"";"0";"";"";"";"";"POST_API_v4_0";
"744e9df1-aa3a-4e32-8b55-6edc6efa6818";"93409790";"CONF114512";"9.99";"";"PENDING";"USD";"BCP";"PE";"31.69";"PEN";"PENDING_TRANSACTION_CONFIRMATION";"NONE";"";"2015-06-27 11:26:11";"500968";"501790";"AGGREGATOR";"";"1";"";"d136f8476882e0bbd91c18a9e808c264";"AUTHORIZATION_AND_CAPTURE";"";"0";"";"";"";"";"POST_API_v4_0";
"7ed28d30-a0f5-4edf-859e-b469e16a2d4f";"93402370";"CONF114421";"9.99";"";"PENDING";"USD";"BCP";"PE";"31.69";"PEN";"PENDING_TRANSACTION_CONFIRMATION";"NONE";"";"2015-06-27 09:46:55";"500968";"501790";"AGGREGATOR";"";"1";"";"dfa9f3d9a1d0d57eb9257389e1b4a21c";"AUTHORIZATION_AND_CAPTURE";"";"0";"";"";"";"";"POST_API_v4_0";
"88cd606a-4f8c-4b35-9841-103c7734f3a4";"93398940";"CONF114412";"9.99";"";"PENDING";"USD";"BCP";"PE";"31.69";"PEN";"PENDING_TRANSACTION_CONFIRMATION";"NONE";"";"2015-06-27 09:17:12";"500968";"501790";"AGGREGATOR";"";"1";"";"99b35625b4bde1dcbbae43fd912c3857";"AUTHORIZATION_AND_CAPTURE";"";"0";"";"";"";"";"POST_API_v4_0";
"5da752e3-e20d-47b2-b19a-6adbcc2be6af";"93393035";"CONF31770";"9.99";"";"PENDING";"USD";"BCP";"PE";"31.69";"PEN";"PENDING_TRANSACTION_CONFIRMATION";"NONE";"";"2015-06-27 06:41:37";"500968";"501790";"AGGREGATOR";"";"1";"";"cb3cfe5b2759616a4025499c18eb3083";"AUTHORIZATION_AND_CAPTURE";"";"0";"";"";"";"";"POST_API_v4_0";
"088319c5-4530-4695-88d3-d4ec62327781";"93392920";"100708";"27.96";"";"PENDING";"USD";"BCP";"PE";"88.70";"PEN";"PENDING_TRANSACTION_CONFIRMATION";"NONE";"";"2015-06-27 06:34:32";"500968";"501790";"AGGREGATOR";"";"1";"";"1b16f139b1c8ceb32cce1a99be21bac0";"AUTHORIZATION_AND_CAPTURE";"";"0";"";"";"";"";"POST_API_v4_0";
"7cb82cb8-647f-463a-be56-42cc32644d22";"93392760";"CONF73834";"9.99";"";"PENDING";"USD";"BCP";"PE";"31.69";"PEN";"PENDING_TRANSACTION_CONFIRMATION";"NONE";"";"2015-06-27 06:09:38";"500968";"501790";"AGGREGATOR";"";"1";"";"58949c3d23808a75c9bd4e7642c406cc";"AUTHORIZATION_AND_CAPTURE";"";"0";"";"";"";"";"POST_API_v4_0";
"d2780268-424e-4b01-a963-4be0aa3afde5";"93392475";"100706";"6.99";"";"APPROVED";"USD";"BCP";"PE";"22.18";"PEN";"APPROVED";"NONE";"";"2015-06-27 05:33:58";"500968";"501790";"AGGREGATOR";"";"1";"";"3a9f07cbc46433a804b7f5977dbfffbc";"AUTHORIZATION_AND_CAPTURE";"IMMEDIATE";"0";"0.0000";"0.00";"22.18";"1";"POST_API_v4_0";
"bf67ead9-7b34-4282-8de4-9bd523082d02";"93389040";"CONF111121";"9.99";"";"APPROVED";"USD";"BCP";"PE";"31.69";"PEN";"APPROVED";"NONE";"";"2015-06-26 23:43:56";"500968";"501790";"AGGREGATOR";"";"1";"";"ccdc30ef23e8cb3ea9c36b1bb8fddab2";"AUTHORIZATION_AND_CAPTURE";"IMMEDIATE";"0";"0.0000";"0.00";"31.69";"1";"POST_API_v4_0";
"5b49a23a-83af-4889-9b39-76aeac490423";"93383085";"CONF114322";"9.99";"";"PENDING";"USD";"BCP";"PE";"31.69";"PEN";"PENDING_TRANSACTION_CONFIRMATION";"NONE";"";"2015-06-26 21:45:40";"500968";"501790";"AGGREGATOR";"";"1";"";"c28e1392ff6efd7c7093fd8d26d55e87";"AUTHORIZATION_AND_CAPTURE";"";"0";"";"";"";"";"POST_API_v4_0";
"d6c5f3f4-74c9-4846-8e60-7aa80eabc46d";"93375120";"CONF114289";"9.99";"";"PENDING";"USD";"BCP";"PE";"31.69";"PEN";"PENDING_TRANSACTION_CONFIRMATION";"NONE";"";"2015-06-26 19:38:32";"500968";"501790";"AGGREGATOR";"";"1";"";"7c60f03e3dd8b6d7bb34e67dfae81f8f";"AUTHORIZATION_AND_CAPTURE";"";"0";"";"";"";"";"POST_API_v4_0";
"36debaa6-9611-4210-ad60-9e7ce2011c97";"93340505";"CONF114213";"9.99";"";"PENDING";"USD";"BCP";"PE";"31.68";"PEN";"PENDING_TRANSACTION_CONFIRMATION";"NONE";"";"2015-06-26 14:02:03";"500968";"501790";"AGGREGATOR";"";"1";"";"5f727a00dd3b590e735cdbb9d4065b65";"AUTHORIZATION_AND_CAPTURE";"";"0";"";"";"";"";"POST_API_v4_0";
"1f10275e-12cf-41a8-a921-1df2d23a2918";"93336710";"CONF114203";"9.99";"";"PENDING";"USD";"BCP";"PE";"31.68";"PEN";"PENDING_TRANSACTION_CONFIRMATION";"NONE";"";"2015-06-26 13:28:43";"500968";"501790";"AGGREGATOR";"";"1";"";"48ad48fbdc6c1976c479b813206fcc78";"AUTHORIZATION_AND_CAPTURE";"";"0";"";"";"";"";"POST_API_v4_0";
"822ba05c-203e-4d71-9ab5-578592fd7ceb";"93332735";"CONF114177";"9.99";"";"PENDING";"USD";"BCP";"PE";"31.66";"PEN";"PENDING_TRANSACTION_CONFIRMATION";"NONE";"";"2015-06-26 12:44:21";"500968";"501790";"AGGREGATOR";"";"1";"";"08f695ebdf510f4ca63c55ed0e6dfcfa";"AUTHORIZATION_AND_CAPTURE";"";"0";"";"";"";"";"POST_API_v4_0";
"a2b51b17-57fb-46d0-adbd-29c46fdefd74";"93319185";"39691";"24.70";"";"PENDING";"USD";"BCP";"PE";"78.29";"PEN";"PENDING_TRANSACTION_CONFIRMATION";"NONE";"";"2015-06-26 10:47:08";"500968";"501790";"AGGREGATOR";"";"1";"";"73ac651718e7e9af4c621d81e79643ea";"AUTHORIZATION_AND_CAPTURE";"";"0";"";"";"";"";"POST_API_v4_0";
"47ef9528-0a3a-4126-9bbd-7ed8c2216084";"93314480";"CONF114119";"9.99";"";"PENDING";"USD";"BCP";"PE";"31.66";"PEN";"PENDING_TRANSACTION_CONFIRMATION";"NONE";"";"2015-06-26 10:06:32";"500968";"501790";"AGGREGATOR";"";"1";"";"df08e8623300b8fbc854ce1c07ff2d96";"AUTHORIZATION_AND_CAPTURE";"";"0";"";"";"";"";"POST_API_v4_0";
"7f498a51-6f0a-4f02-91b4-a1b2cb56feb3";"93309820";"CONF114101";"9.99";"";"PENDING";"USD";"BCP";"PE";"31.66";"PEN";"PENDING_TRANSACTION_CONFIRMATION";"NONE";"";"2015-06-26 09:25:37";"500968";"501790";"AGGREGATOR";"";"1";"";"f2e62593091835649bc5e6eda8237a35";"AUTHORIZATION_AND_CAPTURE";"";"0";"";"";"";"";"POST_API_v4_0";
"28c7a561-4841-42f0-82a0-470c5a9fbc1b";"93304170";"CONF114084";"9.99";"";"PENDING";"USD";"BCP";"PE";"31.66";"PEN";"PENDING_TRANSACTION_CONFIRMATION";"NONE";"";"2015-06-26 08:33:17";"500968";"501790";"AGGREGATOR";"";"1";"";"36e91b5d6b8053468edeb662bc319b2b";"AUTHORIZATION_AND_CAPTURE";"";"0";"";"";"";"";"POST_API_v4_0";
"cd8198de-329b-4133-a7b2-cfb648286980";"93262240";"CONF113943";"9.99";"";"PENDING";"USD";"BCP";"PE";"31.64";"PEN";"PENDING_TRANSACTION_CONFIRMATION";"NONE";"";"2015-06-25 18:30:26";"500968";"501790";"AGGREGATOR";"";"1";"";"db654f6ad2008330193cb3e9b7a45b6a";"AUTHORIZATION_AND_CAPTURE";"";"0";"";"";"";"";"POST_API_v4_0";
"6b2497fe-b7d3-47db-a52a-5b5d53bb6d1f";"93253180";"CONF113911";"9.99";"";"PENDING";"USD";"BCP";"PE";"31.64";"PEN";"PENDING_TRANSACTION_CONFIRMATION";"NONE";"";"2015-06-25 17:15:35";"500968";"501790";"AGGREGATOR";"";"1";"";"925363bcb7bafeccba05594bf4fafc13";"AUTHORIZATION_AND_CAPTURE";"";"0";"";"";"";"";"POST_API_v4_0";
"231320e2-a08c-424d-bd55-30f21da6c09e";"93219265";"CONF113811";"9.99";"";"PENDING";"USD";"BCP";"PE";"31.64";"PEN";"PENDING_TRANSACTION_CONFIRMATION";"NONE";"";"2015-06-25 13:22:44";"500968";"501790";"AGGREGATOR";"";"1";"";"50a913ca86d5dd650f6b00eeae6f1e4f";"AUTHORIZATION_AND_CAPTURE";"";"0";"";"";"";"";"POST_API_v4_0";
"531ede3f-f3dd-4bd6-9f9d-9df166cf0640";"93218355";"39673";"24.70";"";"PENDING";"USD";"BCP";"PE";"78.24";"PEN";"PENDING_TRANSACTION_CONFIRMATION";"NONE";"";"2015-06-25 13:15:37";"500968";"501790";"AGGREGATOR";"";"1";"";"e0e5d79c2c858c6a545f9ef3c49ab12b";"AUTHORIZATION_AND_CAPTURE";"";"0";"";"";"";"";"POST_API_v4_0";
"596f4c3f-0637-4b46-b29a-f82f3ed2b773";"93213005";"CONF113781";"9.99";"";"PENDING";"USD";"BCP";"PE";"31.68";"PEN";"PENDING_TRANSACTION_CONFIRMATION";"NONE";"";"2015-06-25 12:38:32";"500968";"501790";"AGGREGATOR";"";"1";"";"17a7cc381bba3e72f13426ad7d16ede5";"AUTHORIZATION_AND_CAPTURE";"";"0";"";"";"";"";"POST_API_v4_0";
"de89c6bf-53c5-4ed1-9963-734b8fb95d60";"93193635";"CONF113725";"9.99";"";"PENDING";"USD";"BCP";"PE";"31.68";"PEN";"PENDING_TRANSACTION_CONFIRMATION";"NONE";"";"2015-06-25 10:02:50";"500968";"501790";"AGGREGATOR";"";"1";"";"40c40614a21f849f7132df4165a43041";"AUTHORIZATION_AND_CAPTURE";"";"0";"";"";"";"";"POST_API_v4_0";
"84996e46-0421-46bc-b472-fde01f7c0f81";"93192835";"CONF113720";"9.99";"";"APPROVED";"USD";"BCP";"PE";"31.68";"PEN";"APPROVED";"NONE";"";"2015-06-25 09:56:03";"500968";"501790";"AGGREGATOR";"";"1";"";"f7cc520ca5468ac6c9905b39690c57e6";"AUTHORIZATION_AND_CAPTURE";"IMMEDIATE";"0";"0.0000";"0.00";"31.68";"1";"POST_API_v4_0";
"92cb4e6d-1810-4782-8709-e28856122a3d";"93180680";"CONF113674";"9.99";"";"PENDING";"USD";"BCP";"PE";"31.68";"PEN";"PENDING_TRANSACTION_CONFIRMATION";"NONE";"";"2015-06-25 08:07:12";"500968";"501790";"AGGREGATOR";"";"1";"";"d97bb09e6897e973fd25f17b34aa738c";"AUTHORIZATION_AND_CAPTURE";"";"0";"";"";"";"";"POST_API_v4_0";
"50ab43ba-d5d0-4760-b73a-3400d8c71779";"93179430";"CONF113668";"9.99";"";"PENDING";"USD";"BCP";"PE";"31.68";"PEN";"PENDING_TRANSACTION_CONFIRMATION";"NONE";"";"2015-06-25 07:44:07";"500968";"501790";"AGGREGATOR";"";"1";"";"c85eab655b86bb14e74b7c6664e47d6a";"AUTHORIZATION_AND_CAPTURE";"";"0";"";"";"";"";"POST_API_v4_0";
"fc5d4c7f-1e4d-475a-9357-67be2a0d195c";"93173330";"CONF113613";"9.99";"";"PENDING";"USD";"BCP";"PE";"31.69";"PEN";"PENDING_TRANSACTION_CONFIRMATION";"NONE";"";"2015-06-25 00:40:39";"500968";"501790";"AGGREGATOR";"";"1";"";"d34c920899bd4dcc3b34c25882f10459";"AUTHORIZATION_AND_CAPTURE";"";"0";"";"";"";"";"POST_API_v4_0";
"bcf84c0b-0529-4d12-aa6f-05ea8f20a645";"93173270";"CONF113613";"9.99";"";"PENDING";"USD";"BCP";"PE";"31.69";"PEN";"PENDING_TRANSACTION_CONFIRMATION";"NONE";"";"2015-06-25 00:37:35";"500968";"501790";"AGGREGATOR";"";"1";"";"d34c920899bd4dcc3b34c25882f10459";"AUTHORIZATION_AND_CAPTURE";"";"0";"";"";"";"";"POST_API_v4_0";
"1f5d0431-e44d-40c6-b394-2561ccfe6e74";"93164985";"CONF113586";"9.99";"";"PENDING";"USD";"BCP";"PE";"31.69";"PEN";"PENDING_TRANSACTION_CONFIRMATION";"NONE";"";"2015-06-24 21:49:54";"500968";"501790";"AGGREGATOR";"";"1";"";"18c7c17b7db329fca2898e2db8d7024d";"AUTHORIZATION_AND_CAPTURE";"";"0";"";"";"";"";"POST_API_v4_0";
"3f159de5-cb9a-4aab-8a5c-5d63e39b9545";"93162185";"CONF113579";"9.99";"";"PENDING";"USD";"BCP";"PE";"31.69";"PEN";"PENDING_TRANSACTION_CONFIRMATION";"NONE";"";"2015-06-24 21:12:35";"500968";"501790";"AGGREGATOR";"";"1";"";"f889e9757c29c970f030b01bd0e93d1d";"AUTHORIZATION_AND_CAPTURE";"";"0";"";"";"";"";"POST_API_v4_0";
"2a2be3ea-ca7b-4691-9cba-24a22b26bf6e";"93157565";"CONF67446";"9.99";"";"PENDING";"USD";"BCP";"PE";"31.69";"PEN";"PENDING_TRANSACTION_CONFIRMATION";"NONE";"";"2015-06-24 20:10:16";"500968";"501790";"AGGREGATOR";"";"1";"";"04bc8c56646e31946e02d2d05bd0304d";"AUTHORIZATION_AND_CAPTURE";"";"0";"";"";"";"";"POST_API_v4_0";
"b8c6e051-cf56-42f3-b2b6-3a23e7f255fc";"93149300";"CONF113544";"9.99";"";"PENDING";"USD";"BCP";"PE";"31.71";"PEN";"PENDING_TRANSACTION_CONFIRMATION";"NONE";"";"2015-06-24 18:26:20";"500968";"501790";"AGGREGATOR";"";"1";"";"992f1260e0ea5df048ea2124e76b0c8e";"AUTHORIZATION_AND_CAPTURE";"";"0";"";"";"";"";"POST_API_v4_0";
"af4a36a2-c603-4efb-8fe6-33f8ae429b18";"93100130";"CONF113464";"9.99";"";"PENDING";"USD";"BCP";"PE";"31.78";"PEN";"PENDING_TRANSACTION_CONFIRMATION";"NONE";"";"2015-06-24 11:03:09";"500968";"501790";"AGGREGATOR";"";"1";"";"d7b747a3b363d1db2792dbc7ec64d734";"AUTHORIZATION_AND_CAPTURE";"";"0";"";"";"";"";"POST_API_v4_0";
"41426397-56a1-4cba-9e9c-7d30ef966132";"93075820";"CONF113398";"9.99";"";"PENDING";"USD";"BCP";"PE";"31.78";"PEN";"PENDING_TRANSACTION_CONFIRMATION";"NONE";"";"2015-06-23 23:49:42";"500968";"501790";"AGGREGATOR";"";"1";"";"fb1ded489d313567f506d464cc9014ff";"AUTHORIZATION_AND_CAPTURE";"";"0";"";"";"";"";"POST_API_v4_0";
"aafea5d3-f9f6-4463-8ced-7bcd7ed53747";"93065590";"CONF113369";"9.99";"";"PENDING";"USD";"BCP";"PE";"31.78";"PEN";"PENDING_TRANSACTION_CONFIRMATION";"NONE";"";"2015-06-23 20:51:46";"500968";"501790";"AGGREGATOR";"";"1";"";"d5f62653b84e1402b59fb6bfb08002fe";"AUTHORIZATION_AND_CAPTURE";"";"0";"";"";"";"";"POST_API_v4_0";
"acb72776-a257-4ab7-b226-d07b8ceddede";"93032445";"100674";"6.99";"";"PENDING";"USD";"BCP";"PE";"22.22";"PEN";"PENDING_TRANSACTION_CONFIRMATION";"NONE";"";"2015-06-23 15:33:16";"500968";"501790";"AGGREGATOR";"";"1";"";"963c74dbff5ae9d62fbfdd3aba8e0ced";"AUTHORIZATION_AND_CAPTURE";"";"0";"";"";"";"";"POST_API_v4_0";
"3792d675-ed59-4234-bfcf-fed8fea9fc4d";"93005420";"CONF113227";"9.99";"";"PENDING";"USD";"BCP";"PE";"31.69";"PEN";"PENDING_TRANSACTION_CONFIRMATION";"NONE";"";"2015-06-23 11:20:30";"500968";"501790";"AGGREGATOR";"";"1";"";"6ca69b1e9b5628ee987da5bc3a50d728";"AUTHORIZATION_AND_CAPTURE";"";"0";"";"";"";"";"POST_API_v4_0";
"92a4e5fb-462f-4f62-b53b-ffb7ee3f0637";"93005265";"CONF113227";"9.99";"";"PENDING";"USD";"BCP";"PE";"31.69";"PEN";"PENDING_TRANSACTION_CONFIRMATION";"NONE";"";"2015-06-23 11:19:18";"500968";"501790";"AGGREGATOR";"";"1";"";"6ca69b1e9b5628ee987da5bc3a50d728";"AUTHORIZATION_AND_CAPTURE";"";"0";"";"";"";"";"POST_API_v4_0";
"acb725e9-cf04-422a-bcf0-312f7b8e3c98";"92997625";"CONF113200";"9.99";"";"PENDING";"USD";"BCP";"PE";"31.69";"PEN";"PENDING_TRANSACTION_CONFIRMATION";"NONE";"";"2015-06-23 10:03:53";"500968";"501790";"AGGREGATOR";"";"1";"";"c9f554115703ec01d1d9072cf29d7b63";"AUTHORIZATION_AND_CAPTURE";"";"0";"";"";"";"";"POST_API_v4_0";
"66321752-b505-40e4-b4c6-3338cb5581e5";"92986190";"CONF113156";"9.99";"";"PENDING";"USD";"BCP";"PE";"31.69";"PEN";"PENDING_TRANSACTION_CONFIRMATION";"NONE";"";"2015-06-23 08:03:06";"500968";"501790";"AGGREGATOR";"";"1";"";"5586a1520ff82cee77f631659fb1605e";"AUTHORIZATION_AND_CAPTURE";"";"0";"";"";"";"";"POST_API_v4_0";
"0ea3aa7c-dcac-46b2-81b7-c8aa96f65cd4";"92982130";"CONF113118";"9.99";"";"PENDING";"USD";"BCP";"PE";"31.69";"PEN";"PENDING_TRANSACTION_CONFIRMATION";"NONE";"";"2015-06-23 01:56:17";"500968";"501790";"AGGREGATOR";"";"1";"";"5165180f024b02104d6931dcd290a777";"AUTHORIZATION_AND_CAPTURE";"";"0";"";"";"";"";"POST_API_v4_0";
"2cf5f4df-9e2a-46d8-926a-eec7eb501396";"92971765";"CONF113046";"9.99";"";"APPROVED";"USD";"BCP";"PE";"31.69";"PEN";"APPROVED";"NONE";"";"2015-06-22 21:13:54";"500968";"501790";"AGGREGATOR";"";"1";"";"c85bf8952c0c428d060a120dddf05031";"AUTHORIZATION_AND_CAPTURE";"IMMEDIATE";"0";"0.0000";"0.00";"31.69";"1";"POST_API_v4_0";
"a4f197b6-dd9b-4646-b674-7785adddccfb";"92971030";"CONF113043";"9.99";"";"PENDING";"USD";"BCP";"PE";"31.69";"PEN";"PENDING_TRANSACTION_CONFIRMATION";"NONE";"";"2015-06-22 21:04:47";"500968";"501790";"AGGREGATOR";"";"1";"";"e38200d992b3ee1f4c7256cfb75786d7";"AUTHORIZATION_AND_CAPTURE";"";"0";"";"";"";"";"POST_API_v4_0";
"c697ca5e-0abe-40e8-a3e2-1ed18339b9b0";"92967845";"CONF113025";"9.99";"";"PENDING";"USD";"BCP";"PE";"31.69";"PEN";"PENDING_TRANSACTION_CONFIRMATION";"NONE";"";"2015-06-22 20:25:40";"500968";"501790";"AGGREGATOR";"";"1";"";"b9c7f9502ddc778de751ec12538f01e4";"AUTHORIZATION_AND_CAPTURE";"";"0";"";"";"";"";"POST_API_v4_0";
"745adec6-f7a6-4e86-b346-cd4b330bcae4";"92948125";"CONF112974";"9.99";"";"APPROVED";"USD";"BCP";"PE";"31.73";"PEN";"APPROVED";"NONE";"";"2015-06-22 17:06:36";"500968";"501790";"AGGREGATOR";"";"1";"";"16a26a50e3eacd82acc3239f5656a730";"AUTHORIZATION_AND_CAPTURE";"IMMEDIATE";"0";"0.0000";"0.00";"31.73";"1";"POST_API_v4_0";
"ef612acf-d941-4039-9cb8-7ccebf71812f";"92947250";"CONF112970";"9.99";"";"PENDING";"USD";"BCP";"PE";"31.73";"PEN";"PENDING_TRANSACTION_CONFIRMATION";"NONE";"";"2015-06-22 16:59:16";"500968";"501790";"AGGREGATOR";"";"1";"";"93305865632ebdf6c68cace64d49b352";"AUTHORIZATION_AND_CAPTURE";"";"0";"";"";"";"";"POST_API_v4_0";
"e33204b4-49b7-4f36-93b7-3cbbee44e7ac";"92923455";"CONF112922";"9.99";"";"PENDING";"USD";"BCP";"PE";"31.73";"PEN";"PENDING_TRANSACTION_CONFIRMATION";"NONE";"";"2015-06-22 13:31:45";"500968";"501790";"AGGREGATOR";"";"1";"";"573c3c2bbd22aecb0f121841b911178e";"AUTHORIZATION_AND_CAPTURE";"";"0";"";"";"";"";"POST_API_v4_0";
"96b1f82e-9e1e-408a-ac34-8e78fb4c70aa";"92912135";"CONF112887";"9.99";"";"PENDING";"USD";"BCP";"PE";"31.65";"PEN";"PENDING_TRANSACTION_CONFIRMATION";"NONE";"";"2015-06-22 11:42:58";"500968";"501790";"AGGREGATOR";"";"1";"";"491d5d6768e96113a036940b27e3fae0";"AUTHORIZATION_AND_CAPTURE";"";"0";"";"";"";"";"POST_API_v4_0";
"7e7e2b0f-03dd-467e-b013-a169bdcb5569";"92890880";"CONF112819";"9.99";"";"PENDING";"USD";"BCP";"PE";"31.65";"PEN";"PENDING_TRANSACTION_CONFIRMATION";"NONE";"";"2015-06-22 08:10:45";"500968";"501790";"AGGREGATOR";"";"1";"";"af7d16fd7e8ad7331b259a4ab5b019f8";"AUTHORIZATION_AND_CAPTURE";"";"0";"";"";"";"";"POST_API_v4_0";
"dfc02c15-0529-40f2-84d9-552d41e9a2e2";"92890155";"CONF112815";"9.99";"";"PENDING";"USD";"BCP";"PE";"31.65";"PEN";"PENDING_TRANSACTION_CONFIRMATION";"NONE";"";"2015-06-22 07:56:26";"500968";"501790";"AGGREGATOR";"";"1";"";"1bdcbf217dd57782eef000eebad038d6";"AUTHORIZATION_AND_CAPTURE";"";"0";"";"";"";"";"POST_API_v4_0";
"a1c90353-8eda-4086-8ef9-6ce3fb36684f";"92877880";"CONF112730";"9.99";"";"PENDING";"USD";"BCP";"PE";"31.65";"PEN";"PENDING_TRANSACTION_CONFIRMATION";"NONE";"";"2015-06-21 20:56:31";"500968";"501790";"AGGREGATOR";"";"1";"";"13cb4bed1e3164940b081e5214082afd";"AUTHORIZATION_AND_CAPTURE";"";"0";"";"";"";"";"POST_API_v4_0";
"799e83ae-d452-4e3e-92e2-1b94b943c7a6";"92867095";"CONF112689";"9.99";"";"PENDING";"USD";"BCP";"PE";"31.65";"PEN";"PENDING_TRANSACTION_CONFIRMATION";"NONE";"";"2015-06-21 18:28:47";"500968";"501790";"AGGREGATOR";"";"1";"";"13c8505df626cd80ff9f91df673d7e5d";"AUTHORIZATION_AND_CAPTURE";"";"0";"";"";"";"";"POST_API_v4_0";
"87af872f-8764-44d6-942a-d40159920a78";"92865950";"CONF112680";"9.99";"";"PENDING";"USD";"BCP";"PE";"31.65";"PEN";"PENDING_TRANSACTION_CONFIRMATION";"NONE";"";"2015-06-21 18:14:57";"500968";"501790";"AGGREGATOR";"";"1";"";"91663fac1d732ba46dba56c1e19ddcc7";"AUTHORIZATION_AND_CAPTURE";"";"0";"";"";"";"";"POST_API_v4_0";
"08024023-ecc6-4bfd-9215-8377047d57bf";"92865420";"CONF112680";"9.99";"";"PENDING";"USD";"BCP";"PE";"31.65";"PEN";"PENDING_TRANSACTION_CONFIRMATION";"NONE";"";"2015-06-21 18:07:31";"500968";"501790";"AGGREGATOR";"";"1";"";"91663fac1d732ba46dba56c1e19ddcc7";"AUTHORIZATION_AND_CAPTURE";"";"0";"";"";"";"";"POST_API_v4_0";
"73945668-95a6-4a4c-a251-83f9ed08f5bd";"92864885";"CONF112680";"9.99";"";"PENDING";"USD";"BCP";"PE";"31.65";"PEN";"PENDING_TRANSACTION_CONFIRMATION";"NONE";"";"2015-06-21 18:00:58";"500968";"501790";"AGGREGATOR";"";"1";"";"91663fac1d732ba46dba56c1e19ddcc7";"AUTHORIZATION_AND_CAPTURE";"";"0";"";"";"";"";"POST_API_v4_0";
"fcff8757-c46d-44d9-adc6-028fb3fe0106";"92844540";"CONF110249";"9.99";"";"PENDING";"USD";"BCP";"PE";"31.65";"PEN";"PENDING_TRANSACTION_CONFIRMATION";"NONE";"";"2015-06-21 12:00:53";"500968";"501790";"AGGREGATOR";"";"1";"";"b0a932d164553b3d12c70f11ff1cea2b";"AUTHORIZATION_AND_CAPTURE";"";"0";"";"";"";"";"POST_API_v4_0";
"52167a68-93ea-4457-9631-fdbc5234a77e";"92828100";"CONF112543";"9.99";"";"PENDING";"USD";"BCP";"PE";"31.65";"PEN";"PENDING_TRANSACTION_CONFIRMATION";"NONE";"";"2015-06-20 22:53:52";"500968";"501790";"AGGREGATOR";"";"1";"";"dc4f1ea5f04cd028b6d2e2a8e20b6e3d";"AUTHORIZATION_AND_CAPTURE";"";"0";"";"";"";"";"POST_API_v4_0";
"6537c2c2-bb57-413d-ac31-7089db6967bf";"92822250";"CONF71895";"9.99";"";"PENDING";"USD";"BCP";"PE";"31.65";"PEN";"PENDING_TRANSACTION_CONFIRMATION";"NONE";"";"2015-06-20 20:52:24";"500968";"501790";"AGGREGATOR";"";"1";"";"53d3c77b4cba7098d668507abbfb1017";"AUTHORIZATION_AND_CAPTURE";"";"0";"";"";"";"";"POST_API_v4_0";
"6a51ec0a-ee6a-408c-b960-c6d40d1a52ab";"92817685";"CONF112512";"9.99";"";"PENDING";"USD";"BCP";"PE";"31.65";"PEN";"PENDING_TRANSACTION_CONFIRMATION";"NONE";"";"2015-06-20 19:51:34";"500968";"501790";"AGGREGATOR";"";"1";"";"795633ddfb573e49c2757996eee62d1f";"AUTHORIZATION_AND_CAPTURE";"";"0";"";"";"";"";"POST_API_v4_0";
"0af0890e-2029-418b-813a-373837c79862";"92817295";"CONF112514";"9.99";"";"PENDING";"USD";"BCP";"PE";"31.65";"PEN";"PENDING_TRANSACTION_CONFIRMATION";"NONE";"";"2015-06-20 19:46:37";"500968";"501790";"AGGREGATOR";"";"1";"";"a97df96c48d913433a1f3cfabbf105e4";"AUTHORIZATION_AND_CAPTURE";"";"0";"";"";"";"";"POST_API_v4_0";
"d4dc5228-290f-49ad-82e0-176fbd1dc3c9";"92801930";"CONF112472";"9.99";"";"PENDING";"USD";"BCP";"PE";"31.65";"PEN";"PENDING_TRANSACTION_CONFIRMATION";"NONE";"";"2015-06-20 16:33:23";"500968";"501790";"AGGREGATOR";"";"1";"";"ae73e0de5b2a03948bfda070b61a6093";"AUTHORIZATION_AND_CAPTURE";"";"0";"";"";"";"";"POST_API_v4_0";
"43a35490-a9bb-474a-a9bb-ac28ef2b3fb9";"92794405";"CONF112444";"9.99";"";"PENDING";"USD";"BCP";"PE";"31.65";"PEN";"PENDING_TRANSACTION_CONFIRMATION";"NONE";"";"2015-06-20 14:19:35";"500968";"501790";"AGGREGATOR";"";"1";"";"fbdeb715e00294deebaa911497b0cba0";"AUTHORIZATION_AND_CAPTURE";"";"0";"";"";"";"";"POST_API_v4_0";
"49868a67-fc19-4ea4-970a-9e3e40134364";"92785150";"CONF112396";"9.99";"";"PENDING";"USD";"BCP";"PE";"31.65";"PEN";"PENDING_TRANSACTION_CONFIRMATION";"NONE";"";"2015-06-20 11:53:07";"500968";"501790";"AGGREGATOR";"";"1";"";"044ce86627a34f1bb9a976d9b7f20fe4";"AUTHORIZATION_AND_CAPTURE";"";"0";"";"";"";"";"POST_API_v4_0";
"c1456b33-479f-4141-a6d3-826dc9834ff8";"92775050";"CONF70735";"9.99";"";"PENDING";"USD";"BCP";"PE";"31.65";"PEN";"PENDING_TRANSACTION_CONFIRMATION";"NONE";"";"2015-06-20 10:04:06";"500968";"501790";"AGGREGATOR";"";"1";"";"edd92797deec5aa49ab58b62f9425e6e";"AUTHORIZATION_AND_CAPTURE";"";"0";"";"";"";"";"POST_API_v4_0";
"23e92d97-4c7b-4540-ad9c-d4641175124f";"92770290";"CONF112309";"9.99";"";"PENDING";"USD";"BCP";"PE";"31.65";"PEN";"PENDING_TRANSACTION_CONFIRMATION";"NONE";"";"2015-06-20 08:41:00";"500968";"501790";"AGGREGATOR";"";"1";"";"c5047c6c56b18b49686df755c266a453";"AUTHORIZATION_AND_CAPTURE";"";"0";"";"";"";"";"POST_API_v4_0";
"c7b8a932-5cd1-4bf8-8fb5-de26cd71d61a";"92768365";"CONF112297";"9.99";"";"APPROVED";"USD";"BCP";"PE";"31.65";"PEN";"APPROVED";"NONE";"";"2015-06-20 07:46:38";"500968";"501790";"AGGREGATOR";"";"1";"";"9efe930065de95bd381ec08b537fdb30";"AUTHORIZATION_AND_CAPTURE";"IMMEDIATE";"0";"0.0000";"0.00";"31.65";"1";"POST_API_v4_0";
"71a81e4c-92c0-4703-b9df-e20494473cf9";"92764065";"CONF112244";"9.99";"";"PENDING";"USD";"BCP";"PE";"31.65";"PEN";"PENDING_TRANSACTION_CONFIRMATION";"NONE";"";"2015-06-19 23:42:05";"500968";"501790";"AGGREGATOR";"";"1";"";"b249d9124c25f278830e763441b035c8";"AUTHORIZATION_AND_CAPTURE";"";"0";"";"";"";"";"POST_API_v4_0";
"6727730b-fa21-4528-9c1e-e5de89d13830";"92748895";"CONF112162";"9.99";"";"PENDING";"USD";"BCP";"PE";"31.66";"PEN";"PENDING_TRANSACTION_CONFIRMATION";"NONE";"";"2015-06-19 19:27:36";"500968";"501790";"AGGREGATOR";"";"1";"";"aa50ed940b1fc569761c12c984acda49";"AUTHORIZATION_AND_CAPTURE";"";"0";"";"";"";"";"POST_API_v4_0";
"38d48358-b018-47dd-a3bb-6c149ee8f1e8";"92718115";"CONF112039";"9.99";"";"PENDING";"USD";"BCP";"PE";"31.61";"PEN";"PENDING_TRANSACTION_CONFIRMATION";"NONE";"";"2015-06-19 14:19:02";"500968";"501790";"AGGREGATOR";"";"1";"";"907a06802a91ff385d3e2b6df13e901a";"AUTHORIZATION_AND_CAPTURE";"";"0";"";"";"";"";"POST_API_v4_0";
"aa08d9fe-428f-4c0e-98fc-7e2996dd45a0";"92716645";"CONF99242";"9.99";"";"PENDING";"USD";"BCP";"PE";"31.61";"PEN";"PENDING_TRANSACTION_CONFIRMATION";"NONE";"";"2015-06-19 14:05:14";"500968";"501790";"AGGREGATOR";"";"1";"";"43f18a695c2a299c4ca660bf06bae3ea";"AUTHORIZATION_AND_CAPTURE";"";"0";"";"";"";"";"POST_API_v4_0";
"abe9e908-ceaf-47cc-8117-d7d98b150c88";"92708595";"CONF90091";"9.99";"";"APPROVED";"USD";"BCP";"PE";"31.61";"PEN";"APPROVED";"NONE";"";"2015-06-19 12:47:22";"500968";"501790";"AGGREGATOR";"";"1";"";"3b2478aaae29cb6d3a58b97a3df069ff";"AUTHORIZATION_AND_CAPTURE";"IMMEDIATE";"0";"0.0000";"0.00";"31.61";"1";"POST_API_v4_0";
"d7a94886-387e-43de-a3cd-746defd9a0d2";"92704735";"CONF111951";"9.99";"";"PENDING";"USD";"BCP";"PE";"31.61";"PEN";"PENDING_TRANSACTION_CONFIRMATION";"NONE";"";"2015-06-19 12:06:12";"500968";"501790";"AGGREGATOR";"";"1";"";"292d61b7b38810b23c9bba65f2d7769f";"AUTHORIZATION_AND_CAPTURE";"";"0";"";"";"";"";"POST_API_v4_0";
"0b3fcc45-43e9-488a-88f1-cf165509fd84";"92688365";"CONF107454";"9.99";"";"PENDING";"USD";"BCP";"PE";"31.61";"PEN";"PENDING_TRANSACTION_CONFIRMATION";"NONE";"";"2015-06-19 09:20:10";"500968";"501790";"AGGREGATOR";"";"1";"";"e0e5a2282083327f5379b2083472eb43";"AUTHORIZATION_AND_CAPTURE";"";"0";"";"";"";"";"POST_API_v4_0";
"8f8d5f0b-0a19-4f05-b447-9600d8f1282f";"92682180";"CONF111775";"9.99";"";"APPROVED";"USD";"BCP";"PE";"31.61";"PEN";"APPROVED";"NONE";"";"2015-06-19 08:18:53";"500968";"501790";"AGGREGATOR";"";"1";"";"75a362d2f7c19f770ed1a048c92741a2";"AUTHORIZATION_AND_CAPTURE";"IMMEDIATE";"0";"0.0000";"0.00";"31.61";"1";"POST_API_v4_0";
"08b53511-4f87-4f42-9173-6e8e21b4cecb";"92673615";"CONF111694";"9.99";"";"PENDING";"USD";"BCP";"PE";"31.61";"PEN";"PENDING_TRANSACTION_CONFIRMATION";"NONE";"";"2015-06-18 23:39:15";"500968";"501790";"AGGREGATOR";"";"1";"";"ebc32afe2d602d912f217f1bba966f2c";"AUTHORIZATION_AND_CAPTURE";"";"0";"";"";"";"";"POST_API_v4_0";
"b925d44d-e958-42fb-a12e-96df7f0fbb3e";"92672890";"CONF111688";"9.99";"";"PENDING";"USD";"BCP";"PE";"31.61";"PEN";"PENDING_TRANSACTION_CONFIRMATION";"NONE";"";"2015-06-18 23:18:53";"500968";"501790";"AGGREGATOR";"";"1";"";"bff4b0ed0f7f58ea987dec202fc5acce";"AUTHORIZATION_AND_CAPTURE";"";"0";"";"";"";"";"POST_API_v4_0";
"4dba3676-e24b-4fcb-8c8d-82a749d7dc00";"92671425";"CONF111679";"9.99";"";"PENDING";"USD";"BCP";"PE";"31.61";"PEN";"PENDING_TRANSACTION_CONFIRMATION";"NONE";"";"2015-06-18 22:51:45";"500968";"501790";"AGGREGATOR";"";"1";"";"eb4c33e23f0d32c98742b1e44193dc3c";"AUTHORIZATION_AND_CAPTURE";"";"0";"";"";"";"";"POST_API_v4_0";
"60d041a3-0b16-4cc7-bf85-ab8fd9943b48";"92666755";"CONF111654";"9.99";"";"PENDING";"USD";"BCP";"PE";"31.61";"PEN";"PENDING_TRANSACTION_CONFIRMATION";"NONE";"";"2015-06-18 21:40:35";"500968";"501790";"AGGREGATOR";"";"1";"";"27d91a36cb5b6dbb1f6b4d0d5a7156c4";"AUTHORIZATION_AND_CAPTURE";"";"0";"";"";"";"";"POST_API_v4_0";
"88f08b44-e0d1-4aa7-87dd-01f40adf0739";"92486505";"39491";"24.70";"";"APPROVED";"USD";"BCP";"PE";"78.09";"PEN";"APPROVED";"NONE";"";"2015-06-16 22:12:12";"500968";"501790";"AGGREGATOR";"";"1";"";"cdcd11e4d9b90a8b96bdf18e7c30f962";"AUTHORIZATION_AND_CAPTURE";"IMMEDIATE";"0";"0.0000";"0.00";"78.09";"1";"POST_API_v4_0";
"314072fb-be21-473a-99d8-5fceef8cc9b0";"92480885";"39485";"24.70";"";"EXPIRED";"USD";"BCP";"PE";"78.09";"PEN";"EXPIRED_TRANSACTION";"SOFT_DECLINE";"";"2015-06-16 21:00:43";"500968";"501790";"AGGREGATOR";"";"1";"";"f57461ce815eecded9e146247912ca0b";"AUTHORIZATION_AND_CAPTURE";"";"0";"";"";"";"";"POST_API_v4_0";
"57efaf82-4b1a-4449-94e2-b5e511487038";"92475235";"CONF111279";"9.99";"";"PENDING";"USD";"BCP";"PE";"31.59";"PEN";"PENDING_TRANSACTION_CONFIRMATION";"NONE";"";"2015-06-16 19:53:23";"500968";"501790";"AGGREGATOR";"";"1";"";"3309370eb958c06c2e1ca9f6900f523a";"AUTHORIZATION_AND_CAPTURE";"";"0";"";"";"";"";"POST_API_v4_0";
"b483032c-6e88-4040-bb12-373ea43f5156";"92463640";"39483";"6.99";"";"EXPIRED";"USD";"BCP";"PE";"22.10";"PEN";"EXPIRED_TRANSACTION";"SOFT_DECLINE";"";"2015-06-16 18:06:19";"500968";"501790";"AGGREGATOR";"";"1";"";"db68801e0ae07f81010626ecad5c3ac4";"AUTHORIZATION_AND_CAPTURE";"";"0";"";"";"";"";"POST_API_v4_0";
"b89c43f8-ba1d-42c7-ac1d-13cc068ae506";"92385330";"CONF109366";"9.99";"";"PENDING";"USD";"BCP";"PE";"31.58";"PEN";"PENDING_TRANSACTION_CONFIRMATION";"NONE";"";"2015-06-15 23:02:41";"500968";"501790";"AGGREGATOR";"";"1";"";"f3713205095e8047d627870d0f7c9e71";"AUTHORIZATION_AND_CAPTURE";"";"0";"";"";"";"";"POST_API_v4_0";
"51ce30ac-5379-405c-aef7-7d9226c9e016";"92361515";"CONF111105";"9.99";"";"PENDING";"USD";"BCP";"PE";"31.59";"PEN";"PENDING_TRANSACTION_CONFIRMATION";"NONE";"";"2015-06-15 17:44:10";"500968";"501790";"AGGREGATOR";"";"1";"";"92ee5923ded42b5a5a6735d60f821523";"AUTHORIZATION_AND_CAPTURE";"";"0";"";"";"";"";"POST_API_v4_0";
"c0289b7b-91e3-4fcd-a850-56d6b7236406";"92345715";"CONF";"9.99";"";"PENDING";"USD";"BCP";"PE";"31.52";"PEN";"PENDING_TRANSACTION_CONFIRMATION";"NONE";"";"2015-06-15 14:26:49";"500968";"501790";"AGGREGATOR";"";"1";"";"c6a0aedc293134f957da0d95bd828b32";"AUTHORIZATION_AND_CAPTURE";"";"0";"";"";"";"";"POST_API_v4_0";
"8f18ed90-c660-4bd2-a176-28457d62d549";"92308905";"CONF110961";"9.99";"";"PENDING";"USD";"BCP";"PE";"31.52";"PEN";"PENDING_TRANSACTION_CONFIRMATION";"NONE";"";"2015-06-14 22:51:23";"500968";"501790";"AGGREGATOR";"";"1";"";"0f6289411704ecaa659466f2d08e0819";"AUTHORIZATION_AND_CAPTURE";"";"0";"";"";"";"";"POST_API_v4_0";
"ac890d61-2781-4ddf-9c52-7a41e717336e";"92263015";"CONF110776";"9.99";"";"APPROVED";"USD";"BCP";"PE";"31.52";"PEN";"APPROVED";"NONE";"";"2015-06-14 08:36:07";"500968";"501790";"AGGREGATOR";"";"1";"";"ef944b13e8fa61fd320ffb91e9142865";"AUTHORIZATION_AND_CAPTURE";"IMMEDIATE";"0";"0.0000";"0.00";"31.52";"1";"POST_API_v4_0";
"a59fcc67-8fd4-4853-af42-fa0f0c26060a";"92249875";"CONF110661";"9.99";"";"PENDING";"USD";"BCP";"PE";"31.52";"PEN";"PENDING_TRANSACTION_CONFIRMATION";"NONE";"";"2015-06-13 20:34:21";"500968";"501790";"AGGREGATOR";"";"1";"";"d140d9c0e5aecf359220ca76749e278f";"AUTHORIZATION_AND_CAPTURE";"";"0";"";"";"";"";"POST_API_v4_0";
"6c18febe-3845-4c2c-9b37-77cca2c763df";"92248195";"CONF110653";"9.99";"";"PENDING";"USD";"BCP";"PE";"31.52";"PEN";"PENDING_TRANSACTION_CONFIRMATION";"NONE";"";"2015-06-13 20:08:35";"500968";"501790";"AGGREGATOR";"";"1";"";"84d090c59d37c0c569887197d999d19f";"AUTHORIZATION_AND_CAPTURE";"";"0";"";"";"";"";"POST_API_v4_0";
"b63eea20-9b32-46d9-800f-829f00506623";"92242745";"CONF110622";"9.99";"";"APPROVED";"USD";"BCP";"PE";"31.52";"PEN";"APPROVED";"NONE";"";"2015-06-13 19:01:37";"500968";"501790";"AGGREGATOR";"";"1";"";"d1d6f44f5fad213b655c1f207761f8ec";"AUTHORIZATION_AND_CAPTURE";"IMMEDIATE";"0";"0.0000";"0.00";"31.52";"1";"POST_API_v4_0";
"b8b318a1-95ad-44e0-91ae-b5190bb57970";"92233455";"CONF72114";"9.99";"";"APPROVED";"USD";"BCP";"PE";"31.52";"PEN";"APPROVED";"NONE";"";"2015-06-13 17:14:16";"500968";"501790";"AGGREGATOR";"";"1";"";"fdd13aa426c35e5f16a1b4f5f3d2ed7e";"AUTHORIZATION_AND_CAPTURE";"IMMEDIATE";"0";"0.0000";"0.00";"31.52";"1";"POST_API_v4_0";
"a09a2633-9d14-4fbb-b362-519ab727e23f";"92230455";"39384";"24.70";"";"EXPIRED";"USD";"BCP";"PE";"77.94";"PEN";"EXPIRED_TRANSACTION";"SOFT_DECLINE";"";"2015-06-13 16:36:32";"500968";"501790";"AGGREGATOR";"";"1";"";"868fda09845c153aeb1612eeffca1190";"AUTHORIZATION_AND_CAPTURE";"";"0";"";"";"";"";"POST_API_v4_0";
"2c8bd0ea-f6cf-4fa4-81de-aa2cf6d5ce6c";"92199755";"CONF110457";"9.99";"";"PENDING";"USD";"BCP";"PE";"31.52";"PEN";"PENDING_TRANSACTION_CONFIRMATION";"NONE";"";"2015-06-13 09:47:39";"500968";"501790";"AGGREGATOR";"";"1";"";"c4cb07c127c78772d43baec41aa51608";"AUTHORIZATION_AND_CAPTURE";"";"0";"";"";"";"";"POST_API_v4_0";
"c3b02b9b-878f-4060-8fa4-99feea65b3dd";"92184815";"39366";"24.70";"";"EXPIRED";"USD";"BCP";"PE";"77.94";"PEN";"EXPIRED_TRANSACTION";"SOFT_DECLINE";"";"2015-06-12 22:38:48";"500968";"501790";"AGGREGATOR";"";"1";"";"15a4c31cebee1267c0dd3a87f0c42bf3";"AUTHORIZATION_AND_CAPTURE";"";"0";"";"";"";"";"POST_API_v4_0";
"8f54574c-f3b2-47f9-be2e-eac80c1c69f7";"92166620";"CONF110249";"9.99";"";"PENDING";"USD";"BCP";"PE";"31.52";"PEN";"PENDING_TRANSACTION_CONFIRMATION";"NONE";"";"2015-06-12 18:20:43";"500968";"501790";"AGGREGATOR";"";"1";"";"b0a932d164553b3d12c70f11ff1cea2b";"AUTHORIZATION_AND_CAPTURE";"";"0";"";"";"";"";"POST_API_v4_0";
"a2ed619f-c775-497a-80bf-3d0c67c6fa48";"92152485";"39351";"6.99";"";"EXPIRED";"USD";"BCP";"PE";"22.06";"PEN";"EXPIRED_TRANSACTION";"SOFT_DECLINE";"";"2015-06-12 16:02:11";"500968";"501790";"AGGREGATOR";"";"1";"";"68dae68d483736c83ef0ca3fab409a2f";"AUTHORIZATION_AND_CAPTURE";"";"0";"";"";"";"";"POST_API_v4_0";
"9d292fb5-3906-43fa-810d-8d569b9dc608";"92150595";"39350";"6.99";"";"EXPIRED";"USD";"BCP";"PE";"22.06";"PEN";"EXPIRED_TRANSACTION";"SOFT_DECLINE";"";"2015-06-12 15:46:09";"500968";"501790";"AGGREGATOR";"";"1";"";"cf2a4f2268e613278389ccc2a5957d7f";"AUTHORIZATION_AND_CAPTURE";"";"0";"";"";"";"";"POST_API_v4_0";
"7f29e405-a2bb-4ca6-8462-ed46eabd6c9b";"92142600";"CONF110125";"9.99";"";"PENDING";"USD";"BCP";"PE";"31.51";"PEN";"PENDING_TRANSACTION_CONFIRMATION";"NONE";"";"2015-06-12 14:33:23";"500968";"501790";"AGGREGATOR";"";"1";"";"d4e8bc2d79b1f45ee19916a3f1d5097f";"AUTHORIZATION_AND_CAPTURE";"";"0";"";"";"";"";"POST_API_v4_0";
"6089cbbd-05c2-4db7-beca-0758511b1d96";"92138595";"CONF110109";"9.99";"";"PENDING";"USD";"BCP";"PE";"31.51";"PEN";"PENDING_TRANSACTION_CONFIRMATION";"NONE";"";"2015-06-12 13:54:25";"500968";"501790";"AGGREGATOR";"";"1";"";"b204ba6288cb361aea92a0cefdb0c9cb";"AUTHORIZATION_AND_CAPTURE";"";"0";"";"";"";"";"POST_API_v4_0";
"ed523c3e-a0c4-48ca-8552-b777764974ca";"92123000";"CONF110011";"9.99";"";"PENDING";"USD";"BCP";"PE";"31.51";"PEN";"PENDING_TRANSACTION_CONFIRMATION";"NONE";"";"2015-06-12 11:21:51";"500968";"501790";"AGGREGATOR";"";"1";"";"2e544bf28790d16e40071d93f660c167";"AUTHORIZATION_AND_CAPTURE";"";"0";"";"";"";"";"POST_API_v4_0";
"b758b9c7-782a-4b9a-a12b-91bf9672f6a3";"92116590";"CONF109963";"9.99";"";"PENDING";"USD";"BCP";"PE";"31.51";"PEN";"PENDING_TRANSACTION_CONFIRMATION";"NONE";"";"2015-06-12 10:09:21";"500968";"501790";"AGGREGATOR";"";"1";"";"c4bce6d89d82c807baa1619d794f3d9a";"AUTHORIZATION_AND_CAPTURE";"";"0";"";"";"";"";"POST_API_v4_0";
"90ac27de-7e13-493c-8175-7a3d350861ea";"92080320";"39311";"24.70";"";"EXPIRED";"USD";"BCP";"PE";"77.91";"PEN";"EXPIRED_TRANSACTION";"SOFT_DECLINE";"";"2015-06-11 19:06:06";"500968";"501790";"AGGREGATOR";"";"1";"";"d404cc350362b1477e36417f3cb73c38";"AUTHORIZATION_AND_CAPTURE";"";"0";"";"";"";"";"POST_API_v4_0";
"826a3532-4a2d-4b5b-8806-1a27d913e521";"92030380";"39304";"24.70";"";"EXPIRED";"USD";"BCP";"PE";"77.92";"PEN";"EXPIRED_TRANSACTION";"SOFT_DECLINE";"";"2015-06-11 11:45:36";"500968";"501790";"AGGREGATOR";"";"1";"";"5b7727ca6728b8afdc3e2cbb6c185ef5";"AUTHORIZATION_AND_CAPTURE";"";"0";"";"";"";"";"POST_API_v4_0";
"8fc1b5b5-df6b-48ec-8621-beca063d98e0";"92000960";"CONF109695";"9.99";"";"PENDING";"USD";"BCP";"PE";"31.51";"PEN";"PENDING_TRANSACTION_CONFIRMATION";"NONE";"";"2015-06-10 23:40:30";"500968";"501790";"AGGREGATOR";"";"1";"";"8c06f927077fbce2e1d8c1389949144f";"AUTHORIZATION_AND_CAPTURE";"";"0";"";"";"";"";"POST_API_v4_0";
"5c6fd992-304b-4efe-8192-6a38f89ac438";"91981625";"CONF100054";"9.99";"";"PENDING";"USD";"BCP";"PE";"31.51";"PEN";"PENDING_TRANSACTION_CONFIRMATION";"NONE";"";"2015-06-10 18:13:35";"500968";"501790";"AGGREGATOR";"";"1";"";"4527f405b465f8ba8a31ac0175bd9ffd";"AUTHORIZATION_AND_CAPTURE";"";"0";"";"";"";"";"POST_API_v4_0";
"5ac40b60-6194-4b66-a0b3-1ee56745f5d9";"91917680";"CONF70497";"9.99";"";"PENDING";"USD";"BCP";"PE";"31.52";"PEN";"PENDING_TRANSACTION_CONFIRMATION";"NONE";"";"2015-06-10 08:02:58";"500968";"501790";"AGGREGATOR";"";"1";"";"99a277c022d6a7c895466c2ce58a29bd";"AUTHORIZATION_AND_CAPTURE";"";"0";"";"";"";"";"POST_API_v4_0";
"9afac233-da33-47d1-bd3f-c837346caa4a";"91880830";"CONF74456";"9.99";"";"PENDING";"USD";"BCP";"PE";"31.50";"PEN";"PENDING_TRANSACTION_CONFIRMATION";"NONE";"";"2015-06-09 17:39:43";"500968";"501790";"AGGREGATOR";"";"1";"";"972ebce64b489442bda89ebe90209c13";"AUTHORIZATION_AND_CAPTURE";"";"0";"";"";"";"";"POST_API_v4_0";
"2563fa54-91f8-4b13-ba62-b22ede866b01";"91878210";"CONF74453";"9.99";"";"PENDING";"USD";"BCP";"PE";"31.50";"PEN";"PENDING_TRANSACTION_CONFIRMATION";"NONE";"";"2015-06-09 17:16:42";"500968";"501790";"AGGREGATOR";"";"1";"";"7518babafebcdf07cd3078f2b4c66906";"AUTHORIZATION_AND_CAPTURE";"";"0";"";"";"";"";"POST_API_v4_0";
"e6497ada-2d76-4c29-bef4-59d33a8a4ac1";"91859990";"CONF74423";"9.99";"";"PENDING";"USD";"BCP";"PE";"31.50";"PEN";"PENDING_TRANSACTION_CONFIRMATION";"NONE";"";"2015-06-09 14:28:44";"500968";"501790";"AGGREGATOR";"";"1";"";"cec642c99d8ba361826345584c318f3f";"AUTHORIZATION_AND_CAPTURE";"";"0";"";"";"";"";"POST_API_v4_0";
"6918e9ad-ac3e-49dc-84e1-2a66ee97f91a";"91857255";"CONF72901";"9.99";"";"PENDING";"USD";"BCP";"PE";"31.50";"PEN";"PENDING_TRANSACTION_CONFIRMATION";"NONE";"";"2015-06-09 14:02:18";"500968";"501790";"AGGREGATOR";"";"1";"";"43b84ad88f401e602d83128642d0eccb";"AUTHORIZATION_AND_CAPTURE";"";"0";"";"";"";"";"POST_API_v4_0";
"ff01cf33-d9b5-47c1-9aef-3e7a216c0796";"91849700";"CONF72273";"9.99";"";"PENDING";"USD";"BCP";"PE";"31.52";"PEN";"PENDING_TRANSACTION_CONFIRMATION";"NONE";"";"2015-06-09 12:43:10";"500968";"501790";"AGGREGATOR";"";"1";"";"f22d986623dae42b382c4aae8daadf7c";"AUTHORIZATION_AND_CAPTURE";"";"0";"";"";"";"";"POST_API_v4_0";
"7f498302-41d9-4873-9235-f15981d2e138";"91726345";"CONF72293";"9.99";"";"PENDING";"USD";"BCP";"PE";"31.51";"PEN";"PENDING_TRANSACTION_CONFIRMATION";"NONE";"";"2015-06-07 19:35:40";"500968";"501790";"AGGREGATOR";"";"1";"";"74c538a5a3f4718c71fd0b5f5cae76d0";"AUTHORIZATION_AND_CAPTURE";"";"0";"";"";"";"";"POST_API_v4_0";
"c5d323ce-83f9-48c7-ace9-499ddfc6ad01";"91724775";"CONF74061";"9.99";"";"PENDING";"USD";"BCP";"PE";"31.51";"PEN";"PENDING_TRANSACTION_CONFIRMATION";"NONE";"";"2015-06-07 19:13:51";"500968";"501790";"AGGREGATOR";"";"1";"";"baaa30909f551939b98dd913bfa520ee";"AUTHORIZATION_AND_CAPTURE";"";"0";"";"";"";"";"POST_API_v4_0";
"510dd34a-9722-45b9-a783-295155f1eedb";"91724495";"CONF74060";"9.99";"";"PENDING";"USD";"BCP";"PE";"31.51";"PEN";"PENDING_TRANSACTION_CONFIRMATION";"NONE";"";"2015-06-07 19:09:07";"500968";"501790";"AGGREGATOR";"";"1";"";"027853ae60140f935a50ca6b00b0cac5";"AUTHORIZATION_AND_CAPTURE";"";"0";"";"";"";"";"POST_API_v4_0";
"26bbec65-2136-4c7c-9c39-d874b066c16e";"91689295";"CONF73842";"9.99";"";"PENDING";"USD";"BCP";"PE";"31.51";"PEN";"PENDING_TRANSACTION_CONFIRMATION";"NONE";"";"2015-06-07 10:00:57";"500968";"501790";"AGGREGATOR";"";"1";"";"f819a096a41e2c9390faadedd83c0398";"AUTHORIZATION_AND_CAPTURE";"";"0";"";"";"";"";"POST_API_v4_0";
"81c40c2d-b62c-4a88-b2e3-b4144f07872c";"91549770";"CONF73088";"9.99";"";"PENDING";"USD";"BCP";"PE";"31.40";"PEN";"PENDING_TRANSACTION_CONFIRMATION";"NONE";"";"2015-06-05 10:21:11";"500968";"501790";"AGGREGATOR";"";"1";"";"c13922438e74c1dd3dee8fb6419840db";"AUTHORIZATION_AND_CAPTURE";"";"0";"";"";"";"";"POST_API_v4_0";
"6e42984d-973a-4d02-9d75-117d91288fdd";"91533255";"CONF73191";"9.99";"";"PENDING";"USD";"BCP";"PE";"31.40";"PEN";"PENDING_TRANSACTION_CONFIRMATION";"NONE";"";"2015-06-05 05:01:34";"500968";"501790";"AGGREGATOR";"";"1";"";"e92689ac6babe347a18b03c105a069ce";"AUTHORIZATION_AND_CAPTURE";"";"0";"";"";"";"";"POST_API_v4_0";
"afee9140-8d37-4252-86a1-13de3996e2c2";"91524720";"CONF73192";"9.99";"";"PENDING";"USD";"BCP";"PE";"31.40";"PEN";"PENDING_TRANSACTION_CONFIRMATION";"NONE";"";"2015-06-04 22:12:48";"500968";"501790";"AGGREGATOR";"";"1";"";"c566f2f1eb5d32d68df114abab261ba7";"AUTHORIZATION_AND_CAPTURE";"";"0";"";"";"";"";"POST_API_v4_0";
"374c0048-3d0d-4b8f-9389-621292452a48";"91463520";"CONF72273";"9.99";"";"PENDING";"USD";"BCP";"PE";"31.47";"PEN";"PENDING_TRANSACTION_CONFIRMATION";"NONE";"";"2015-06-04 11:29:47";"500968";"501790";"AGGREGATOR";"";"1";"";"f22d986623dae42b382c4aae8daadf7c";"AUTHORIZATION_AND_CAPTURE";"";"0";"";"";"";"";"POST_API_v4_0";
"3e94e8cb-8175-4332-8f7f-0716f03da145";"91463415";"CONF72273";"9.99";"";"PENDING";"USD";"BCP";"PE";"31.47";"PEN";"PENDING_TRANSACTION_CONFIRMATION";"NONE";"";"2015-06-04 11:28:47";"500968";"501790";"AGGREGATOR";"";"1";"";"f22d986623dae42b382c4aae8daadf7c";"AUTHORIZATION_AND_CAPTURE";"";"0";"";"";"";"";"POST_API_v4_0";
"e801f617-e389-4cda-8517-9f2f84dc7716";"91460235";"CONF72273";"9.99";"";"PENDING";"USD";"BCP";"PE";"31.47";"PEN";"PENDING_TRANSACTION_CONFIRMATION";"NONE";"";"2015-06-04 10:58:50";"500968";"501790";"AGGREGATOR";"";"1";"";"f22d986623dae42b382c4aae8daadf7c";"AUTHORIZATION_AND_CAPTURE";"";"0";"";"";"";"";"POST_API_v4_0";
"13348f4b-9e1f-4b08-9713-f67c5cbcc881";"91460010";"CONF72273";"9.99";"";"PENDING";"USD";"BCP";"PE";"31.47";"PEN";"PENDING_TRANSACTION_CONFIRMATION";"NONE";"";"2015-06-04 10:56:25";"500968";"501790";"AGGREGATOR";"";"1";"";"f22d986623dae42b382c4aae8daadf7c";"AUTHORIZATION_AND_CAPTURE";"";"0";"";"";"";"";"POST_API_v4_0";
"1356dfc8-8ac8-4ed9-8000-0011944948de";"91459925";"CONF72273";"9.99";"";"PENDING";"USD";"BCP";"PE";"31.47";"PEN";"PENDING_TRANSACTION_CONFIRMATION";"NONE";"";"2015-06-04 10:55:32";"500968";"501790";"AGGREGATOR";"";"1";"";"f22d986623dae42b382c4aae8daadf7c";"AUTHORIZATION_AND_CAPTURE";"";"0";"";"";"";"";"POST_API_v4_0";
"3a37d2f9-eb14-4906-9160-9c1bee50bb15";"91458425";"CONF72273";"9.99";"";"PENDING";"USD";"BCP";"PE";"31.47";"PEN";"PENDING_TRANSACTION_CONFIRMATION";"NONE";"";"2015-06-04 10:40:09";"500968";"501790";"AGGREGATOR";"";"1";"";"f22d986623dae42b382c4aae8daadf7c";"AUTHORIZATION_AND_CAPTURE";"";"0";"";"";"";"";"POST_API_v4_0";
"a8d307fd-a3dc-4b46-ad8f-87b073152d1f";"91379080";"39133";"24.70";"";"EXPIRED";"USD";"BCP";"PE";"77.97";"PEN";"EXPIRED_TRANSACTION";"SOFT_DECLINE";"";"2015-06-03 12:14:48";"500968";"501790";"AGGREGATOR";"";"1";"";"e1d3afecc902833d06befcd93f073f7a";"AUTHORIZATION_AND_CAPTURE";"";"0";"";"";"";"";"POST_API_v4_0";
"4860d4e3-860c-452a-b322-061f99420cf1";"91225275";"39107";"6.99";"";"EXPIRED";"USD";"BCP";"PE";"22.06";"PEN";"EXPIRED_TRANSACTION";"SOFT_DECLINE";"";"2015-06-02 13:27:49";"500968";"501790";"AGGREGATOR";"";"1";"";"edded2a68e5dbde17e6e80fd37e5fefd";"AUTHORIZATION_AND_CAPTURE";"";"0";"";"";"";"";"POST_API_v4_0";
"dcbbcc1e-7c73-4b49-aa82-ba84a0d5ca51";"90388005";"39055";"24.70";"";"EXPIRED";"USD";"BCP";"PE";"77.97";"PEN";"EXPIRED_TRANSACTION";"SOFT_DECLINE";"";"2015-05-31 10:16:38";"500968";"501790";"AGGREGATOR";"";"1";"";"44e8c833f9b75c4f4e431278901a83cf";"AUTHORIZATION_AND_CAPTURE";"";"0";"";"";"";"";"POST_API_v4_0";
"fc53f74b-3bcc-428c-858b-8d84c3759ef8";"90206415";"38970";"24.70";"";"PENDING";"USD";"BCP";"PE";"77.99";"PEN";"PENDING_TRANSACTION_CONFIRMATION";"NONE";"";"2015-05-29 06:29:47";"500968";"501790";"AGGREGATOR";"";"1";"";"ddb57131dd4876a85aee28968702b0e0";"AUTHORIZATION_AND_CAPTURE";"";"0";"";"";"";"";"POST_API_v4_0";
"7d7e3865-9a7f-49e4-a4ba-ae369bf11d13";"90023940";"38908";"24.70";"";"PENDING";"USD";"BCP";"PE";"77.87";"PEN";"PENDING_TRANSACTION_CONFIRMATION";"NONE";"";"2015-05-26 22:41:04";"500968";"501790";"AGGREGATOR";"";"1";"";"817bd2c8f6d17aba0857e8a9c4c4f06f";"AUTHORIZATION_AND_CAPTURE";"";"0";"";"";"";"";"POST_API_v4_0";
"eaa39277-8af2-4f12-8c2d-bb8d7ae4f266";"89875550";"38866";"24.70";"";"APPROVED";"USD";"BCP";"PE";"77.74";"PEN";"APPROVED";"NONE";"";"2015-05-25 11:49:17";"500968";"501790";"AGGREGATOR";"";"1";"";"108acbe8a92831e2aecaa247e6a8ddcb";"AUTHORIZATION_AND_CAPTURE";"IMMEDIATE";"0";"0.0000";"0.00";"77.74";"1";"POST_API_v4_0";
"37e0690a-5395-4665-b339-0ef09c2c4071";"89664470";"38773";"24.70";"";"EXPIRED";"USD";"BCP";"PE";"77.69";"PEN";"EXPIRED_TRANSACTION";"SOFT_DECLINE";"";"2015-05-22 07:17:12";"500968";"501790";"AGGREGATOR";"";"1";"";"59fe2dc2765253840798389de7c71abc";"AUTHORIZATION_AND_CAPTURE";"";"0";"";"";"";"";"POST_API_v4_0";
"722955e9-4da9-4ffd-9dcd-15e9f0e71717";"89628555";"38758";"24.70";"";"APPROVED";"USD";"BCP";"PE";"77.69";"PEN";"APPROVED";"NONE";"";"2015-05-21 16:25:44";"500968";"501790";"AGGREGATOR";"";"1";"";"a86a67e1351b3f4054a1463f47faeae1";"AUTHORIZATION_AND_CAPTURE";"IMMEDIATE";"0";"0.0000";"0.00";"77.69";"1";"POST_API_v4_0";
"6cde02f1-a1a8-41b6-bc68-b196be95ad1d";"89620890";"38752";"36.89";"";"APPROVED";"USD";"BCP";"PE";"116.04";"PEN";"APPROVED";"NONE";"";"2015-05-21 15:06:27";"500968";"501790";"AGGREGATOR";"";"1";"";"a2380ce23dca49f418e7dcc0dce6910d";"AUTHORIZATION_AND_CAPTURE";"IMMEDIATE";"0";"0.0000";"0.00";"116.04";"1";"POST_API_v4_0";
"bd4d76ab-d821-463b-9381-ad1fa5942822";"89594400";"38740";"24.70";"";"PENDING";"USD";"BCP";"PE";"77.87";"PEN";"PENDING_TRANSACTION_CONFIRMATION";"NONE";"";"2015-05-21 10:22:30";"500968";"501790";"AGGREGATOR";"";"1";"";"65e959edf7395f5ab310aa7299d52fe7";"AUTHORIZATION_AND_CAPTURE";"";"0";"";"";"";"";"POST_API_v4_0";
"88c73a87-1453-43cc-9ac1-9e603ee576b7";"89521725";"CONF65660";"3.50";"";"PENDING";"USD";"BCP";"PE";"11.04";"PEN";"PENDING_TRANSACTION_CONFIRMATION";"NONE";"";"2015-05-20 12:05:32";"500968";"501790";"AGGREGATOR";"";"1";"";"8f5d92945d3371f9e018415486840cbe";"AUTHORIZATION_AND_CAPTURE";"";"0";"";"";"";"";"POST_API_v4_0";
"cd5199ed-c108-4f5e-a716-6563fb09126f";"89491520";"38695";"24.70";"";"APPROVED";"USD";"BCP";"PE";"77.92";"PEN";"APPROVED";"NONE";"";"2015-05-19 22:57:38";"500968";"501790";"AGGREGATOR";"";"1";"";"7fcf33a1472d3ef4875c05884aba92fa";"AUTHORIZATION_AND_CAPTURE";"IMMEDIATE";"0";"0.0000";"0.00";"77.92";"1";"POST_API_v4_0";
"5b36c8b0-c246-4d51-b1f5-5095222199e4";"89160720";"38584";"6.99";"";"EXPIRED";"USD";"BCP";"PE";"21.99";"PEN";"EXPIRED_TRANSACTION";"SOFT_DECLINE";"";"2015-05-15 14:50:58";"500968";"501790";"AGGREGATOR";"";"1";"";"4e95d4eab6579f241995234691089cd1";"AUTHORIZATION_AND_CAPTURE";"";"0";"";"";"";"";"POST_API_v4_0";
"efb526ff-7f49-4eaa-b530-c40acb913db5";"89159495";"38580";"6.99";"";"EXPIRED";"USD";"BCP";"PE";"21.99";"PEN";"EXPIRED_TRANSACTION";"SOFT_DECLINE";"";"2015-05-15 14:41:00";"500968";"501790";"AGGREGATOR";"";"1";"";"3b337ba6f626f79ef1e640d7dd920d61";"AUTHORIZATION_AND_CAPTURE";"";"0";"";"";"";"";"POST_API_v4_0";
"027d0a3c-08e5-4fca-8c67-aca31eb5f848";"88974215";"38524";"6.99";"";"EXPIRED";"USD";"BCP";"PE";"22.03";"PEN";"EXPIRED_TRANSACTION";"SOFT_DECLINE";"";"2015-05-13 17:21:35";"500968";"501790";"AGGREGATOR";"";"1";"";"b967d3dae089b3207d923df94721c447";"AUTHORIZATION_AND_CAPTURE";"";"0";"";"";"";"";"POST_API_v4_0";
"f3b2b15d-f13f-4c47-937f-b76b4f9ff49e";"88813910";"38475";"6.99";"";"EXPIRED";"USD";"BCP";"PE";"22.04";"PEN";"EXPIRED_TRANSACTION";"SOFT_DECLINE";"";"2015-05-11 21:25:06";"500968";"501790";"AGGREGATOR";"";"1";"";"ab83009fe7ea2d9cadf64032a85314ae";"AUTHORIZATION_AND_CAPTURE";"";"0";"";"";"";"";"POST_API_v4_0";
"586dcc94-d397-499a-b43f-7dd340618482";"88791175";"38464";"4.99";"";"EXPIRED";"USD";"BCP";"PE";"15.74";"PEN";"EXPIRED_TRANSACTION";"SOFT_DECLINE";"";"2015-05-11 16:43:17";"500968";"501790";"AGGREGATOR";"";"1";"";"d4eb3fa269fb2ac14e2da75152338409";"AUTHORIZATION_AND_CAPTURE";"";"0";"";"";"";"";"POST_API_v4_0";
"263b2a27-4a5c-410f-a437-6fcb5fa0ab1a";"88517105";"38358";"24.70";"";"EXPIRED";"USD";"BCP";"PE";"77.84";"PEN";"EXPIRED_TRANSACTION";"SOFT_DECLINE";"";"2015-05-07 19:33:19";"500968";"501790";"AGGREGATOR";"";"1";"";"141257854d3c4fcf25b02da972bff568";"AUTHORIZATION_AND_CAPTURE";"";"0";"";"";"";"";"POST_API_v4_0";
"1d0cc74a-b3b5-42e0-9998-b0403022e888";"88512620";"38351";"24.70";"";"APPROVED";"USD";"BCP";"PE";"77.84";"PEN";"APPROVED";"NONE";"";"2015-05-07 18:31:25";"500968";"501790";"AGGREGATOR";"";"1";"";"c1d13341247b5dc73ff7ae70a7693989";"AUTHORIZATION_AND_CAPTURE";"IMMEDIATE";"0";"0.0000";"0.00";"77.84";"1";"POST_API_v4_0";
"55a1a22d-b846-48b7-9f09-5cfca70fa6db";"88487320";"38341";"6.99";"";"EXPIRED";"USD";"BCP";"PE";"22.02";"PEN";"EXPIRED_TRANSACTION";"SOFT_DECLINE";"";"2015-05-07 14:14:09";"500968";"501790";"AGGREGATOR";"";"1";"";"51ea641e40bc4a327e52167259a0c9f6";"AUTHORIZATION_AND_CAPTURE";"";"0";"";"";"";"";"POST_API_v4_0";
"3510e2cf-7d07-47e0-bbc2-ad76f91d4903";"88353190";"38289";"24.70";"";"EXPIRED";"USD";"BCP";"PE";"77.82";"PEN";"EXPIRED_TRANSACTION";"SOFT_DECLINE";"";"2015-05-06 06:55:51";"500968";"501790";"AGGREGATOR";"";"1";"";"5f9060f10abf3dc9c725f62e944b832e";"AUTHORIZATION_AND_CAPTURE";"";"0";"";"";"";"";"POST_API_v4_0";
"60fe0699-15f7-49bb-b942-0e1b4863c530";"88292950";"38274";"24.70";"";"EXPIRED";"USD";"BCP";"PE";"77.79";"PEN";"EXPIRED_TRANSACTION";"SOFT_DECLINE";"";"2015-05-05 13:36:36";"500968";"501790";"AGGREGATOR";"";"1";"";"55e54cca9e7536ba4f4ab32b053e2406";"AUTHORIZATION_AND_CAPTURE";"";"0";"";"";"";"";"POST_API_v4_0";
"2fbafc33-7c39-41fe-a476-5aef032f252d";"88222800";"38247";"6.99";"";"EXPIRED";"USD";"BCP";"PE";"21.95";"PEN";"EXPIRED_TRANSACTION";"SOFT_DECLINE";"";"2015-05-04 17:22:49";"500968";"501790";"AGGREGATOR";"";"1";"";"de2d36b47473aa1c270ce8df9cef51dd";"AUTHORIZATION_AND_CAPTURE";"";"0";"";"";"";"";"POST_API_v4_0";
"3e1eed53-72bc-4d4d-9990-6548e8a635ef";"88108680";"38197";"24.70";"";"EXPIRED";"USD";"BCP";"PE";"77.31";"PEN";"EXPIRED_TRANSACTION";"SOFT_DECLINE";"";"2015-05-03 10:26:40";"500968";"501790";"AGGREGATOR";"";"1";"";"38c726d9d666a4762179dde63544772f";"AUTHORIZATION_AND_CAPTURE";"";"0";"";"";"";"";"POST_API_v4_0";
"73fc7e0b-969a-4854-999a-e0c4dbe92943";"88101845";"38188";"24.70";"";"EXPIRED";"USD";"BCP";"PE";"77.31";"PEN";"EXPIRED_TRANSACTION";"SOFT_DECLINE";"";"2015-05-03 07:22:03";"500968";"501790";"AGGREGATOR";"";"1";"";"c8a2423989f20112d9dbf3c62ac010e1";"AUTHORIZATION_AND_CAPTURE";"";"0";"";"";"";"";"POST_API_v4_0";
"ec12c835-fa26-4b1d-9f1f-f563226740cf";"88028000";"38153";"6.99";"";"EXPIRED";"USD";"BCP";"PE";"21.88";"PEN";"EXPIRED_TRANSACTION";"SOFT_DECLINE";"";"2015-05-02 07:58:22";"500968";"501790";"AGGREGATOR";"";"1";"";"23e1b624959288279cb4d20eda6755f3";"AUTHORIZATION_AND_CAPTURE";"";"0";"";"";"";"";"POST_API_v4_0";
"4580be85-19e5-4c41-8afd-5fa0669e4709";"87962840";"38141";"6.99";"";"EXPIRED";"USD";"BCP";"PE";"21.88";"PEN";"EXPIRED_TRANSACTION";"SOFT_DECLINE";"";"2015-05-01 13:38:20";"500968";"501790";"AGGREGATOR";"";"1";"";"b3f1a1f20c6f104a5652c23b09a71b5e";"AUTHORIZATION_AND_CAPTURE";"";"0";"";"";"";"";"POST_API_v4_0";
"3642ff1d-d57a-4295-9c0e-9970d4405160";"87942930";"38131";"6.99";"";"EXPIRED";"USD";"BCP";"PE";"21.88";"PEN";"EXPIRED_TRANSACTION";"SOFT_DECLINE";"";"2015-05-01 10:43:05";"500968";"501790";"AGGREGATOR";"";"1";"";"3060d97ce395ceef498098d442e6156f";"AUTHORIZATION_AND_CAPTURE";"";"0";"";"";"";"";"POST_API_v4_0";
"418fc9f4-4ea4-49a9-92a0-1993d5f37edf";"87936575";"38128";"24.70";"";"EXPIRED";"USD";"BCP";"PE";"77.32";"PEN";"EXPIRED_TRANSACTION";"SOFT_DECLINE";"";"2015-05-01 08:59:40";"500968";"501790";"AGGREGATOR";"";"1";"";"cebf52cd8fcf2ecd5e0f04a1f102e8c6";"AUTHORIZATION_AND_CAPTURE";"";"0";"";"";"";"";"POST_API_v4_0";
